age,ed,employ,address,income,debtinc,creddebt,othdebt,default,preddef1,preddef2,preddef3
41.000000,3.000000,17.000000,12.000000,176.000000,9.300000,11.359392,5.008608,1.000000,0.808394,0.788640,0.213043
27.000000,1.000000,10.000000,6.000000,31.000000,17.300000,1.362202,4.000798,0.000000,0.198297,0.128445,0.436903
40.000000,1.000000,15.000000,14.000000,55.000000,5.500000,0.856075,2.168925,0.000000,0.010036,0.002987,0.141023
41.000000,1.000000,15.000000,14.000000,120.000000,2.900000,2.658720,0.821280,0.000000,0.022138,0.010273,0.104422
24.000000,2.000000,2.000000,0.000000,28.000000,17.300000,1.787436,3.056564,1.000000,0.781588,0.737885,0.436903
41.000000,2.000000,5.000000,5.000000,25.000000,10.200000,0.392700,2.157300,0.000000,0.216709,0.328195,0.233577
39.000000,1.000000,20.000000,9.000000,67.000000,30.600000,3.833874,16.668126,0.000000,0.185960,0.179256,0.817092
43.000000,1.000000,12.000000,11.000000,38.000000,3.600000,0.128592,1.239408,0.000000,0.014709,0.010573,0.113358
24.000000,1.000000,3.000000,4.000000,19.000000,24.400000,1.358348,3.277652,1.000000,0.748041,0.619443,0.663904
36.000000,1.000000,0.000000,13.000000,25.000000,19.700000,2.777700,2.147300,0.000000,0.815057,0.797227,0.515530
27.000000,1.000000,0.000000,1.000000,16.000000,1.700000,0.182512,0.089488,0.000000,0.350309,0.610511,0.090548
25.000000,1.000000,4.000000,0.000000,23.000000,5.200000,0.252356,0.943644,0.000000,0.239054,0.219024,0.136307
52.000000,1.000000,24.000000,14.000000,64.000000,10.000000,3.929600,2.470400,0.000000,0.009790,0.006285,0.228898
37.000000,1.000000,6.000000,9.000000,29.000000,16.300000,1.715901,3.011099,0.000000,0.364494,0.340468,0.404835
48.000000,1.000000,22.000000,15.000000,100.000000,9.100000,3.703700,5.396300,0.000000,0.011874,0.007714,0.208663
36.000000,2.000000,9.000000,6.000000,49.000000,8.600000,0.817516,3.396484,1.000000,0.096704,0.113840,0.198005
36.000000,2.000000,13.000000,6.000000,41.000000,16.400000,2.918216,3.805784,1.000000,0.212050,0.175025,0.408010
43.000000,1.000000,23.000000,19.000000,72.000000,7.600000,1.181952,4.290048,0.000000,0.001405,0.000564,0.177931
39.000000,1.000000,6.000000,9.000000,61.000000,5.700000,0.563274,2.913726,0.000000,0.104145,0.092730,0.144242
41.000000,3.000000,0.000000,21.000000,26.000000,1.700000,0.099008,0.342992,0.000000,0.091918,0.086911,0.090548
39.000000,1.000000,22.000000,3.000000,52.000000,3.200000,1.154816,0.509184,0.000000,0.004374,0.001645,0.108173
47.000000,1.000000,17.000000,21.000000,43.000000,5.600000,0.587552,1.820448,0.000000,0.003047,0.002014,0.142625
28.000000,1.000000,3.000000,6.000000,26.000000,10.000000,0.431600,2.168400,0.000000,0.293932,0.236042,0.228898
29.000000,1.000000,8.000000,6.000000,27.000000,9.800000,0.402192,2.243808,0.000000,0.106800,0.204131,0.224285
21.000000,2.000000,1.000000,2.000000,16.000000,18.000000,0.241920,2.638080,1.000000,0.629777,0.620461,0.459686
25.000000,4.000000,0.000000,2.000000,32.000000,17.600000,2.140160,3.491840,0.000000,0.861313,0.773744,0.446640
45.000000,2.000000,9.000000,26.000000,69.000000,6.700000,0.707319,3.915681,0.000000,0.016461,0.015201,0.161260
43.000000,1.000000,25.000000,21.000000,64.000000,16.700000,0.951232,9.736768,0.000000,0.001438,0.000642,0.417581
33.000000,2.000000,12.000000,8.000000,58.000000,18.400000,3.084208,7.587792,0.000000,0.276707,0.219533,0.472786
26.000000,3.000000,2.000000,1.000000,37.000000,14.200000,0.204906,5.049094,0.000000,0.503322,0.479454,0.340346
45.000000,1.000000,3.000000,15.000000,20.000000,2.100000,0.105000,0.315000,0.000000,0.076420,0.052919,0.094977
30.000000,1.000000,1.000000,10.000000,22.000000,10.500000,1.138830,1.171170,0.000000,0.433699,0.405229,0.240720
27.000000,3.000000,2.000000,7.000000,26.000000,6.000000,0.722280,0.837720,0.000000,0.288739,0.233062,0.149184
25.000000,1.000000,8.000000,4.000000,27.000000,14.400000,1.018656,2.869344,0.000000,0.231101,0.177803,0.346280
25.000000,1.000000,8.000000,1.000000,35.000000,2.900000,0.077140,0.937860,0.000000,0.074957,0.048004,0.104422
26.000000,2.000000,6.000000,7.000000,45.000000,26.000000,6.048900,5.651100,0.000000,0.950054,0.946420,0.709164
30.000000,2.000000,10.000000,4.000000,22.000000,16.100000,1.409716,2.132284,0.000000,0.211956,0.254176,0.398509
32.000000,2.000000,12.000000,1.000000,54.000000,14.400000,3.195936,4.580064,0.000000,0.335997,0.417418,0.346280
28.000000,2.000000,1.000000,8.000000,24.000000,17.100000,1.337904,2.766096,1.000000,0.643903,0.659600,0.430438
45.000000,1.000000,23.000000,5.000000,50.000000,4.200000,0.558600,1.541400,0.000000,0.002269,0.001460,0.121540
23.000000,1.000000,7.000000,2.000000,31.000000,6.600000,0.337590,1.708410,0.000000,0.132878,0.097419,0.159488
34.000000,1.000000,17.000000,3.000000,59.000000,8.000000,1.807760,2.912240,0.000000,0.031769,0.062262,0.185763
42.000000,2.000000,7.000000,23.000000,41.000000,4.600000,0.941114,0.944886,0.000000,0.031903,0.030791,0.127274
39.000000,1.000000,19.000000,5.000000,48.000000,13.100000,1.930416,4.357584,0.000000,0.028079,0.010296,0.308630
26.000000,1.000000,0.000000,0.000000,14.000000,7.500000,0.302400,0.747600,1.000000,0.511050,0.749382,0.176014
21.000000,2.000000,0.000000,1.000000,16.000000,6.800000,0.150144,0.937856,0.000000,0.453617,0.376452,0.163048
35.000000,1.000000,13.000000,15.000000,35.000000,4.500000,0.431550,1.143450,0.000000,0.010782,0.007038,0.125819
47.000000,1.000000,4.000000,2.000000,26.000000,10.400000,0.121680,2.582320,0.000000,0.281657,0.363861,0.238322
23.000000,2.000000,0.000000,2.000000,21.000000,11.400000,0.775656,1.618344,1.000000,0.621785,0.635956,0.263030
35.000000,1.000000,18.000000,2.000000,42.000000,7.400000,0.205128,2.902872,0.000000,0.010461,0.004324,0.174114
34.000000,1.000000,2.000000,11.000000,25.000000,12.600000,0.573300,2.576700,1.000000,0.325347,0.290873,0.294767
46.000000,1.000000,1.000000,12.000000,20.000000,14.000000,0.809200,1.990800,0.000000,0.423308,0.324986,0.334461
46.000000,1.000000,16.000000,18.000000,52.000000,12.900000,3.032016,3.675984,1.000000,0.037002,0.082692,0.303042
38.000000,3.000000,3.000000,18.000000,25.000000,3.700000,0.311725,0.613275,0.000000,0.077552,0.108529,0.114687
40.000000,2.000000,3.000000,2.000000,28.000000,9.500000,0.553280,2.106720,0.000000,0.371499,0.447743,0.217490
37.000000,1.000000,1.000000,3.000000,24.000000,15.100000,1.801128,1.822872,1.000000,0.747904,0.631339,0.367421
35.000000,1.000000,9.000000,1.000000,34.000000,5.000000,0.397800,1.302200,0.000000,0.084214,0.091049,0.133238
39.000000,2.000000,16.000000,13.000000,69.000000,2.400000,1.061496,0.594504,0.000000,0.007328,0.007105,0.098426
40.000000,3.000000,18.000000,6.000000,100.000000,2.500000,1.485000,1.015000,0.000000,0.010214,0.006116,0.099600
50.000000,3.000000,10.000000,20.000000,80.000000,12.200000,2.479040,7.280960,0.000000,0.087494,0.149857,0.283943
31.000000,1.000000,9.000000,10.000000,28.000000,2.400000,0.047712,0.624288,0.000000,0.027984,0.020543,0.098426
29.000000,1.000000,13.000000,1.000000,42.000000,7.400000,1.457652,1.650348,1.000000,0.073258,0.055660,0.174114
37.000000,1.000000,4.000000,0.000000,23.000000,12.400000,0.869860,1.982140,0.000000,0.457968,0.461772,0.289325
33.000000,2.000000,4.000000,9.000000,55.000000,7.000000,2.159850,1.690150,0.000000,0.345877,0.356814,0.166672
26.000000,2.000000,5.000000,7.000000,28.000000,7.800000,1.024296,1.159704,0.000000,0.214607,0.234923,0.181814
32.000000,2.000000,11.000000,6.000000,75.000000,23.300000,7.758900,9.716100,1.000000,0.927931,0.950097,0.630873
28.000000,2.000000,2.000000,3.000000,23.000000,6.400000,0.186944,1.285056,1.000000,0.299858,0.339122,0.155991
39.000000,1.000000,19.000000,8.000000,46.000000,9.100000,2.515786,1.670214,0.000000,0.021761,0.011729,0.208663
28.000000,2.000000,8.000000,3.000000,31.000000,8.200000,1.492154,1.049846,1.000000,0.198324,0.193518,0.189778
29.000000,1.000000,1.000000,2.000000,20.000000,18.600000,0.569160,3.150840,1.000000,0.683895,0.666638,0.479352
34.000000,2.000000,3.000000,8.000000,21.000000,23.100000,1.401939,3.449061,0.000000,0.662273,0.716648,0.624722
28.000000,2.000000,5.000000,9.000000,34.000000,23.800000,3.099236,4.992764,0.000000,0.757925,0.793201,0.646061
47.000000,1.000000,26.000000,21.000000,100.000000,12.800000,4.582400,8.217600,0.000000,0.006373,0.010739,0.300269
43.000000,4.000000,1.000000,5.000000,26.000000,10.600000,1.518556,1.237444,0.000000,0.590459,0.623037,0.243134
41.000000,1.000000,13.000000,10.000000,44.000000,1.700000,0.071060,0.676940,0.000000,0.010287,0.006529,0.090548
47.000000,1.000000,13.000000,25.000000,51.000000,23.800000,3.738504,8.399496,0.000000,0.150194,0.123297,0.646061
24.000000,1.000000,2.000000,1.000000,21.000000,0.600000,0.025074,0.100926,0.000000,0.215822,0.195945,0.079311
29.000000,1.000000,1.000000,9.000000,17.000000,6.700000,0.157182,0.981818,0.000000,0.252859,0.175985,0.161260
33.000000,1.000000,14.000000,2.000000,37.000000,2.600000,0.199134,0.762866,0.000000,0.017875,0.038936,0.100787
36.000000,1.000000,15.000000,10.000000,39.000000,3.200000,0.686400,0.561600,0.000000,0.010285,0.002977,0.108173
26.000000,1.000000,4.000000,3.000000,27.000000,10.500000,2.472120,0.362880,1.000000,0.583735,0.444059,0.240720
31.000000,1.000000,11.000000,12.000000,45.000000,17.000000,2.738700,4.911300,0.000000,0.203463,0.128282,0.427214
37.000000,1.000000,7.000000,3.000000,32.000000,19.600000,2.696960,3.575040,0.000000,0.632368,0.513088,0.512242
35.000000,4.000000,4.000000,16.000000,29.000000,11.000000,1.843820,1.346180,0.000000,0.262319,0.301700,0.252952
26.000000,1.000000,4.000000,3.000000,20.000000,5.400000,0.318600,0.761400,0.000000,0.206525,0.158471,0.139436
40.000000,1.000000,10.000000,15.000000,45.000000,18.800000,2.013480,6.446520,0.000000,0.164847,0.340959,0.485925
29.000000,2.000000,5.000000,4.000000,36.000000,12.400000,3.490848,0.973152,1.000000,0.682593,0.740912,0.289325
37.000000,3.000000,5.000000,17.000000,29.000000,24.600000,1.405398,5.728602,0.000000,0.399252,0.491251,0.669752
32.000000,1.000000,12.000000,12.000000,28.000000,2.900000,0.116116,0.695884,0.000000,0.012684,0.007071,0.104422
23.000000,2.000000,0.000000,1.000000,17.000000,27.700000,2.043706,2.665294,1.000000,0.939557,0.954149,0.753074
32.000000,1.000000,3.000000,10.000000,23.000000,6.200000,0.052762,1.373238,0.000000,0.147565,0.100818,0.152556
25.000000,1.000000,1.000000,6.000000,15.000000,11.400000,0.371070,1.338930,1.000000,0.425001,0.340615,0.263030
38.000000,1.000000,5.000000,5.000000,54.000000,10.600000,1.499688,4.224312,0.000000,0.350842,0.644979,0.243134
32.000000,2.000000,0.000000,6.000000,18.000000,5.800000,0.296496,0.747504,1.000000,0.355099,0.431805,0.145874
41.000000,3.000000,2.000000,0.000000,15.000000,26.300000,1.960665,1.984335,1.000000,0.897395,0.959274,0.717240
36.000000,1.000000,17.000000,6.000000,54.000000,4.400000,0.727056,1.648944,0.000000,0.009974,0.005100,0.124379
42.000000,3.000000,13.000000,0.000000,82.000000,3.300000,1.315116,1.390884,0.000000,0.052153,0.050928,0.109449
41.000000,1.000000,14.000000,8.000000,52.000000,7.300000,0.926224,2.869776,0.000000,0.025030,0.062494,0.172229
29.000000,2.000000,4.000000,9.000000,19.000000,6.300000,0.681093,0.515907,0.000000,0.175618,0.211581,0.154266
38.000000,3.000000,4.000000,6.000000,31.000000,9.300000,1.331946,1.551054,1.000000,0.339651,0.500799,0.213043
39.000000,1.000000,22.000000,9.000000,113.000000,2.600000,0.987168,1.950832,0.000000,0.002319,0.000981,0.100787
36.000000,1.000000,6.000000,9.000000,26.000000,8.300000,0.030212,2.127788,0.000000,0.097269,0.052248,0.191810
33.000000,1.000000,8.000000,7.000000,27.000000,5.800000,0.776736,0.789264,0.000000,0.087579,0.055954,0.145874
42.000000,2.000000,21.000000,11.000000,121.000000,3.100000,1.365364,2.385636,0.000000,0.003258,0.001524,0.106910
41.000000,2.000000,22.000000,17.000000,75.000000,23.600000,9.876600,7.823400,0.000000,0.557980,0.518698,0.640019
40.000000,1.000000,8.000000,17.000000,28.000000,3.600000,0.534240,0.473760,0.000000,0.029623,0.018403,0.113358
53.000000,1.000000,9.000000,18.000000,50.000000,11.200000,2.016000,3.584000,1.000000,0.091695,0.277142,0.257959
28.000000,1.000000,4.000000,7.000000,26.000000,13.500000,1.295190,2.214810,0.000000,0.402169,0.279559,0.319975
36.000000,2.000000,12.000000,13.000000,60.000000,7.900000,1.720620,3.019380,0.000000,0.044141,0.027377,0.183780
34.000000,2.000000,9.000000,13.000000,45.000000,10.100000,1.118070,3.426930,0.000000,0.075964,0.070539,0.231229
45.000000,3.000000,2.000000,5.000000,39.000000,4.900000,0.458640,1.452360,0.000000,0.271469,0.505467,0.131725
38.000000,1.000000,6.000000,0.000000,41.000000,8.900000,0.266377,3.382623,0.000000,0.212746,0.276915,0.204350
21.000000,3.000000,0.000000,2.000000,24.000000,7.700000,0.833448,1.014552,0.000000,0.550739,0.604540,0.179865
42.000000,1.000000,12.000000,11.000000,51.000000,21.400000,2.411994,8.502006,0.000000,0.209992,0.208272,0.570989
52.000000,1.000000,16.000000,25.000000,64.000000,8.600000,1.865856,3.638144,0.000000,0.007573,0.004591,0.198005
25.000000,2.000000,4.000000,6.000000,33.000000,5.200000,0.552552,1.163448,0.000000,0.186436,0.168708,0.136307
34.000000,2.000000,9.000000,9.000000,65.000000,6.200000,2.107690,1.922310,0.000000,0.124477,0.084384,0.152556
40.000000,2.000000,15.000000,16.000000,73.000000,3.400000,1.032512,1.449488,0.000000,0.007859,0.005974,0.110739
31.000000,2.000000,0.000000,4.000000,27.000000,12.800000,1.088640,2.367360,1.000000,0.654200,0.650261,0.300269
25.000000,1.000000,1.000000,0.000000,20.000000,6.700000,0.471680,0.868320,1.000000,0.457104,0.451130,0.161260
45.000000,1.000000,12.000000,19.000000,37.000000,9.500000,1.342730,2.172270,0.000000,0.025631,0.016445,0.217490
23.000000,1.000000,3.000000,0.000000,19.000000,8.400000,0.279300,1.316700,1.000000,0.350377,0.280224,0.193858
34.000000,4.000000,6.000000,3.000000,27.000000,35.300000,1.982448,7.548552,1.000000,0.853380,0.801969,0.892388
31.000000,1.000000,2.000000,4.000000,22.000000,12.700000,1.092454,1.701546,1.000000,0.536364,0.380803,0.297511
28.000000,1.000000,5.000000,9.000000,22.000000,2.800000,0.140448,0.475552,0.000000,0.082592,0.026850,0.103198
41.000000,1.000000,7.000000,11.000000,43.000000,4.400000,0.694364,1.197636,0.000000,0.069350,0.031010,0.124379
39.000000,2.000000,7.000000,2.000000,68.000000,13.000000,1.016600,7.823400,1.000000,0.284598,0.328969,0.305829
29.000000,2.000000,9.000000,3.000000,36.000000,1.400000,0.127008,0.376992,0.000000,0.046449,0.031842,0.087348
21.000000,1.000000,5.000000,1.000000,25.000000,9.000000,0.366750,1.883250,0.000000,0.253363,0.089802,0.206498
41.000000,2.000000,19.000000,2.000000,68.000000,5.800000,1.506608,2.437392,0.000000,0.014954,0.016608,0.145874
26.000000,4.000000,1.000000,7.000000,27.000000,2.900000,0.311634,0.471366,0.000000,0.237245,0.270131,0.104422
33.000000,1.000000,5.000000,10.000000,18.000000,12.900000,0.984528,1.337472,0.000000,0.247174,0.127884,0.303042
45.000000,2.000000,18.000000,19.000000,35.000000,17.400000,0.548100,5.541900,0.000000,0.007755,0.010034,0.440144
39.000000,1.000000,17.000000,20.000000,60.000000,13.700000,2.449560,5.770440,0.000000,0.019316,0.012204,0.325730
24.000000,1.000000,7.000000,2.000000,21.000000,6.300000,0.519939,0.803061,0.000000,0.142126,0.249342,0.154266
29.000000,2.000000,6.000000,7.000000,57.000000,2.200000,0.452694,0.801306,0.000000,0.086133,0.074210,0.096115
27.000000,2.000000,1.000000,0.000000,23.000000,12.400000,0.285200,2.566800,0.000000,0.555831,0.620352,0.289325
40.000000,1.000000,13.000000,2.000000,28.000000,5.900000,0.964768,0.687232,0.000000,0.045924,0.044995,0.147521
29.000000,1.000000,8.000000,10.000000,24.000000,6.700000,0.469536,1.138464,0.000000,0.063931,0.038887,0.161260
29.000000,2.000000,4.000000,3.000000,37.000000,6.600000,1.159950,1.282050,1.000000,0.319083,0.270478,0.159488
24.000000,1.000000,0.000000,2.000000,16.000000,16.000000,1.008640,1.551360,1.000000,0.738204,0.872485,0.395358
27.000000,1.000000,9.000000,6.000000,45.000000,17.800000,2.851560,5.158440,1.000000,0.436141,0.362589,0.453155
41.000000,3.000000,16.000000,22.000000,135.000000,4.400000,1.277100,4.662900,0.000000,0.004774,0.003378,0.124379
31.000000,1.000000,11.000000,8.000000,25.000000,9.100000,0.141050,2.133950,0.000000,0.038215,0.020468,0.208663
41.000000,1.000000,16.000000,17.000000,68.000000,5.400000,0.447984,3.224016,0.000000,0.004867,0.003246,0.139436
42.000000,2.000000,5.000000,3.000000,41.000000,3.400000,0.355470,1.038530,0.000000,0.148805,0.238975,0.110739
28.000000,4.000000,1.000000,3.000000,26.000000,12.400000,0.377208,2.846792,0.000000,0.508310,0.415350,0.289325
30.000000,4.000000,2.000000,8.000000,25.000000,10.000000,1.770000,0.730000,0.000000,0.492662,0.368159,0.228898
30.000000,1.000000,11.000000,1.000000,33.000000,8.400000,0.681912,2.090088,0.000000,0.082510,0.071624,0.193858
31.000000,1.000000,8.000000,4.000000,44.000000,8.000000,1.721280,1.798720,0.000000,0.203524,0.080861,0.185763
45.000000,2.000000,15.000000,14.000000,51.000000,18.100000,1.550808,7.680192,0.000000,0.043888,0.041225,0.462956
43.000000,1.000000,13.000000,23.000000,76.000000,6.100000,2.151104,2.484896,1.000000,0.017251,0.029109,0.150863
36.000000,1.000000,4.000000,10.000000,23.000000,16.300000,1.327146,2.421854,0.000000,0.407402,0.419642,0.404835
28.000000,1.000000,8.000000,6.000000,30.000000,7.200000,0.613440,1.546560,0.000000,0.096887,0.031293,0.170361
27.000000,2.000000,3.000000,5.000000,33.000000,13.200000,1.633500,2.722500,0.000000,0.543892,0.613721,0.311445
36.000000,3.000000,13.000000,3.000000,39.000000,19.200000,2.800512,4.687488,0.000000,0.291281,0.397057,0.499083
33.000000,1.000000,12.000000,11.000000,32.000000,11.300000,2.104512,1.511488,0.000000,0.083735,0.042663,0.260486
54.000000,1.000000,9.000000,2.000000,28.000000,14.800000,1.558144,2.585856,1.000000,0.281349,0.480565,0.358292
33.000000,1.000000,9.000000,4.000000,29.000000,13.800000,1.348674,2.653326,1.000000,0.212727,0.094437,0.328627
31.000000,1.000000,9.000000,5.000000,26.000000,4.500000,0.310050,0.859950,0.000000,0.057011,0.034512,0.125819
21.000000,1.000000,4.000000,0.000000,26.000000,8.900000,1.420796,0.893204,0.000000,0.459645,0.386676,0.204350
28.000000,3.000000,5.000000,9.000000,44.000000,8.700000,0.773256,3.054744,0.000000,0.178833,0.201826,0.200104
31.000000,2.000000,2.000000,1.000000,26.000000,6.800000,0.282880,1.485120,1.000000,0.355441,0.356876,0.163048
32.000000,1.000000,8.000000,6.000000,26.000000,4.100000,0.326196,0.739804,0.000000,0.064735,0.048758,0.120142
35.000000,2.000000,1.000000,8.000000,24.000000,12.500000,0.591000,2.409000,1.000000,0.439879,0.588298,0.292039
40.000000,2.000000,13.000000,11.000000,102.000000,18.900000,6.226794,13.051206,1.000000,0.598120,0.719033,0.489213
22.000000,1.000000,4.000000,2.000000,24.000000,15.600000,1.636128,2.107872,1.000000,0.596405,0.523048,0.382845
39.000000,1.000000,4.000000,9.000000,38.000000,6.500000,1.178190,1.291810,0.000000,0.223769,0.219400,0.157731
41.000000,4.000000,14.000000,3.000000,44.000000,1.700000,0.353056,0.394944,0.000000,0.016646,0.025676,0.090548
34.000000,1.000000,16.000000,9.000000,79.000000,4.000000,1.734840,1.425160,0.000000,0.017011,0.003936,0.118758
29.000000,1.000000,7.000000,9.000000,22.000000,9.700000,0.550572,1.583428,0.000000,0.114174,0.037550,0.222003
31.000000,1.000000,4.000000,10.000000,28.000000,11.300000,0.291088,2.872912,0.000000,0.196280,0.095578,0.260486
32.000000,1.000000,1.000000,0.000000,20.000000,4.800000,0.314880,0.645120,1.000000,0.394231,0.415475,0.130227
32.000000,1.000000,14.000000,7.000000,73.000000,8.800000,3.751616,2.672384,0.000000,0.138269,0.093288,0.202219
33.000000,1.000000,6.000000,14.000000,21.000000,7.500000,0.567000,1.008000,0.000000,0.083386,0.161621,0.176014
26.000000,1.000000,6.000000,0.000000,22.000000,10.300000,0.720588,1.545412,0.000000,0.284019,0.123215,0.235942
21.000000,1.000000,1.000000,1.000000,18.000000,17.300000,0.158814,2.955186,0.000000,0.623188,0.353435,0.436903
28.000000,2.000000,7.000000,2.000000,34.000000,7.000000,0.359380,2.020620,0.000000,0.138482,0.176031,0.166672
37.000000,1.000000,13.000000,5.000000,24.000000,8.900000,0.602352,1.533648,0.000000,0.038407,0.026459,0.204350
33.000000,2.000000,2.000000,14.000000,35.000000,22.900000,2.123975,5.891025,1.000000,0.695220,0.768449,0.618530
39.000000,1.000000,12.000000,10.000000,46.000000,5.000000,0.561200,1.738800,0.000000,0.022937,0.020220,0.133238
40.000000,2.000000,8.000000,19.000000,57.000000,5.600000,0.877800,2.314200,0.000000,0.036325,0.024535,0.142625
45.000000,3.000000,16.000000,21.000000,80.000000,3.000000,0.912000,1.488000,0.000000,0.003716,0.002102,0.105659
27.000000,1.000000,10.000000,6.000000,34.000000,6.500000,0.850850,1.359150,0.000000,0.066406,0.113108,0.157731
28.000000,4.000000,0.000000,7.000000,29.000000,24.200000,1.424654,5.593346,0.000000,0.830980,0.763617,0.658005
39.000000,1.000000,13.000000,9.000000,27.000000,8.000000,0.965520,1.194480,0.000000,0.031778,0.075877,0.185763
40.000000,1.000000,14.000000,21.000000,43.000000,15.000000,2.792850,3.657150,1.000000,0.048832,0.028541,0.364367
27.000000,1.000000,11.000000,8.000000,56.000000,16.900000,4.637360,4.826640,0.000000,0.509822,0.399015,0.423997
36.000000,1.000000,1.000000,4.000000,16.000000,9.300000,0.433008,1.054992,0.000000,0.428088,0.292462,0.213043
55.000000,1.000000,19.000000,2.000000,78.000000,15.600000,4.404816,7.763184,0.000000,0.159492,0.235432,0.382845
27.000000,2.000000,4.000000,3.000000,22.000000,13.200000,1.086096,1.817904,1.000000,0.445778,0.464658,0.311445
30.000000,1.000000,1.000000,8.000000,17.000000,11.000000,0.746130,1.123870,0.000000,0.429188,0.375868,0.252952
36.000000,1.000000,10.000000,0.000000,28.000000,11.200000,0.815360,2.320640,1.000000,0.146632,0.123670,0.257959
31.000000,1.000000,1.000000,6.000000,21.000000,2.500000,0.277200,0.247800,1.000000,0.242020,0.189231,0.099600
33.000000,2.000000,13.000000,2.000000,40.000000,7.200000,0.181440,2.698560,0.000000,0.033316,0.035681,0.170361
30.000000,1.000000,4.000000,0.000000,33.000000,4.200000,0.500346,0.885654,0.000000,0.248983,0.226450,0.121540
24.000000,1.000000,1.000000,0.000000,18.000000,5.900000,0.238950,0.823050,1.000000,0.407098,0.353632,0.147521
33.000000,4.000000,9.000000,10.000000,28.000000,4.300000,0.376852,0.827148,0.000000,0.039490,0.045415,0.122953
50.000000,1.000000,8.000000,27.000000,47.000000,6.900000,0.398889,2.844111,0.000000,0.016498,0.013644,0.164852
31.000000,2.000000,6.000000,6.000000,32.000000,23.100000,3.341184,4.050816,1.000000,0.771944,0.791662,0.624722
28.000000,1.000000,3.000000,7.000000,19.000000,4.100000,0.260965,0.518035,0.000000,0.171341,0.080965,0.120142
44.000000,3.000000,8.000000,10.000000,88.000000,6.100000,0.284504,5.083496,1.000000,0.055052,0.055956,0.150863
48.000000,4.000000,3.000000,23.000000,45.000000,9.800000,0.974610,3.435390,0.000000,0.123030,0.100988,0.224285
36.000000,2.000000,0.000000,17.000000,30.000000,9.700000,0.328830,2.581170,0.000000,0.244598,0.277068,0.222003
29.000000,3.000000,7.000000,1.000000,63.000000,5.500000,0.571725,2.893275,0.000000,0.147112,0.116072,0.141023
40.000000,3.000000,17.000000,11.000000,116.000000,6.000000,2.561280,4.398720,0.000000,0.021632,0.021438,0.149184
33.000000,1.000000,7.000000,6.000000,26.000000,6.000000,0.542880,1.017120,0.000000,0.105641,0.100377,0.149184
26.000000,2.000000,6.000000,6.000000,30.000000,1.000000,0.143700,0.156300,0.000000,0.071523,0.078202,0.083241
36.000000,1.000000,14.000000,11.000000,81.000000,7.200000,1.784592,4.047408,0.000000,0.031583,0.018105,0.170361
26.000000,2.000000,6.000000,0.000000,35.000000,1.900000,0.085785,0.579215,0.000000,0.116110,0.085947,0.092739
40.000000,3.000000,16.000000,6.000000,116.000000,12.100000,1.614140,12.421860,0.000000,0.040419,0.037520,0.281274
44.000000,1.000000,5.000000,3.000000,48.000000,9.000000,1.969920,2.350080,1.000000,0.419547,0.539840,0.206498
29.000000,3.000000,1.000000,10.000000,30.000000,4.500000,0.279450,1.070550,0.000000,0.216057,0.173714,0.125819
35.000000,3.000000,5.000000,3.000000,37.000000,5.400000,0.581418,1.416582,1.000000,0.191855,0.298280,0.139436
34.000000,1.000000,16.000000,3.000000,75.000000,10.400000,3.954600,3.845400,0.000000,0.150278,0.101876,0.238322
34.000000,3.000000,12.000000,8.000000,47.000000,6.700000,1.300537,1.848463,0.000000,0.046725,0.032651,0.161260
46.000000,1.000000,14.000000,25.000000,35.000000,10.200000,1.349460,2.220540,0.000000,0.010508,0.005615,0.233577
41.000000,2.000000,21.000000,22.000000,145.000000,12.200000,3.237270,14.452730,0.000000,0.008652,0.004318,0.283943
27.000000,2.000000,7.000000,8.000000,30.000000,4.000000,0.447600,0.752400,1.000000,0.073804,0.078149,0.118758
27.000000,4.000000,0.000000,6.000000,70.000000,8.000000,1.618400,3.981600,1.000000,0.587813,0.443724,0.185763
28.000000,1.000000,11.000000,6.000000,24.000000,2.400000,0.107136,0.468864,0.000000,0.024749,0.007027,0.098426
48.000000,3.000000,0.000000,27.000000,19.000000,10.800000,0.849528,1.202472,0.000000,0.175862,0.283573,0.248010
48.000000,3.000000,17.000000,26.000000,113.000000,12.000000,3.376440,10.183560,0.000000,0.017400,0.020131,0.278621
29.000000,3.000000,5.000000,6.000000,70.000000,19.900000,3.176040,10.753960,1.000000,0.747409,0.824609,0.522102
43.000000,2.000000,9.000000,5.000000,60.000000,20.400000,4.039200,8.200800,1.000000,0.675774,0.735527,0.538492
23.000000,1.000000,5.000000,2.000000,17.000000,7.900000,0.302175,1.040825,0.000000,0.214823,0.077984,0.183780
29.000000,2.000000,10.000000,8.000000,44.000000,18.100000,3.703260,4.260740,0.000000,0.463210,0.488732,0.462956
40.000000,4.000000,5.000000,6.000000,75.000000,1.900000,0.884925,0.540075,0.000000,0.139823,0.102652,0.092739
22.000000,2.000000,0.000000,3.000000,20.000000,5.600000,0.207200,0.912800,0.000000,0.396090,0.454843,0.142625
23.000000,1.000000,7.000000,3.000000,22.000000,14.400000,0.849024,2.318976,0.000000,0.273793,0.208688,0.346280
46.000000,3.000000,9.000000,10.000000,60.000000,15.300000,1.606500,7.573500,0.000000,0.180065,0.225448,0.373560
55.000000,1.000000,3.000000,11.000000,40.000000,8.000000,0.563200,2.636800,1.000000,0.200413,0.356906,0.185763
38.000000,2.000000,8.000000,16.000000,38.000000,0.600000,0.029412,0.198588,0.000000,0.018670,0.018030,0.079311
35.000000,2.000000,5.000000,1.000000,33.000000,2.800000,0.103488,0.820512,0.000000,0.144444,0.150021,0.103198
30.000000,1.000000,11.000000,9.000000,27.000000,0.900000,0.073872,0.169128,0.000000,0.016806,0.030255,0.082243
24.000000,1.000000,7.000000,0.000000,18.000000,6.500000,0.526500,0.643500,0.000000,0.166057,0.099212,0.157731
26.000000,2.000000,4.000000,3.000000,28.000000,9.500000,0.226100,2.433900,0.000000,0.261708,0.321011,0.217490
32.000000,2.000000,2.000000,11.000000,15.000000,9.100000,0.118755,1.246245,1.000000,0.214385,0.283907,0.208663
37.000000,2.000000,11.000000,4.000000,75.000000,3.500000,0.632625,1.992375,0.000000,0.042566,0.032384,0.112041
39.000000,1.000000,6.000000,19.000000,42.000000,19.900000,2.540832,5.817168,1.000000,0.359411,0.341287,0.522102
30.000000,2.000000,4.000000,4.000000,21.000000,18.300000,0.491904,3.351096,0.000000,0.452815,0.500954,0.469507
30.000000,1.000000,10.000000,11.000000,39.000000,9.500000,2.056275,1.648725,0.000000,0.109684,0.062654,0.217490
32.000000,2.000000,7.000000,10.000000,32.000000,4.300000,0.433440,0.942560,0.000000,0.064537,0.044971,0.122953
54.000000,3.000000,21.000000,20.000000,118.000000,14.400000,9.600480,7.391520,0.000000,0.323345,0.414907,0.346280
27.000000,3.000000,3.000000,4.000000,35.000000,13.300000,1.601320,3.053680,0.000000,0.561599,0.640896,0.314275
31.000000,1.000000,12.000000,4.000000,31.000000,23.700000,2.057160,5.289840,0.000000,0.319394,0.285323,0.643046
39.000000,1.000000,15.000000,16.000000,39.000000,1.800000,0.139698,0.562302,0.000000,0.004107,0.001955,0.091637
31.000000,1.000000,5.000000,3.000000,25.000000,14.100000,1.177350,2.347650,0.000000,0.418578,0.663948,0.337397
35.000000,1.000000,15.000000,11.000000,40.000000,18.500000,1.213600,6.186400,0.000000,0.047633,0.026217,0.476068
35.000000,2.000000,10.000000,16.000000,98.000000,13.300000,4.874716,8.159284,0.000000,0.365905,0.260459,0.314275
46.000000,2.000000,22.000000,17.000000,144.000000,11.100000,3.324672,12.659328,0.000000,0.009712,0.011062,0.255447
33.000000,1.000000,13.000000,3.000000,52.000000,21.300000,2.713620,8.362380,1.000000,0.320037,0.281725,0.567762
35.000000,2.000000,13.000000,3.000000,105.000000,1.900000,1.418445,0.576555,0.000000,0.038862,0.038898,0.092739
35.000000,2.000000,1.000000,1.000000,21.000000,7.900000,0.369957,1.289043,0.000000,0.448775,0.642332,0.183780
38.000000,1.000000,5.000000,13.000000,21.000000,9.000000,0.449820,1.440180,0.000000,0.118355,0.087633,0.206498
41.000000,1.000000,19.000000,1.000000,96.000000,7.800000,2.253888,5.234112,0.000000,0.029263,0.011173,0.181814
38.000000,1.000000,18.000000,19.000000,44.000000,4.500000,0.605880,1.374120,0.000000,0.002581,0.000995,0.125819
34.000000,3.000000,2.000000,14.000000,39.000000,13.200000,1.142856,4.005144,0.000000,0.355780,0.446221,0.311445
51.000000,3.000000,16.000000,25.000000,82.000000,4.400000,2.604976,1.003024,0.000000,0.007980,0.005095,0.124379
34.000000,2.000000,10.000000,2.000000,33.000000,9.500000,0.573705,2.561295,0.000000,0.098654,0.119519,0.217490
47.000000,1.000000,15.000000,1.000000,30.000000,24.500000,2.212350,5.137650,0.000000,0.253302,0.315387,0.666834
34.000000,2.000000,8.000000,6.000000,78.000000,5.400000,2.156544,2.055456,0.000000,0.181385,0.132385,0.139436
27.000000,2.000000,8.000000,7.000000,18.000000,11.900000,0.400554,1.741446,0.000000,0.117049,0.128219,0.275984
52.000000,1.000000,9.000000,11.000000,24.000000,19.200000,0.801792,3.806208,1.000000,0.152645,0.134327,0.499083
39.000000,1.000000,9.000000,6.000000,35.000000,5.000000,0.232750,1.517250,0.000000,0.052789,0.024413,0.133238
33.000000,1.000000,7.000000,0.000000,22.000000,6.400000,0.630784,0.777216,0.000000,0.173230,0.104770,0.155991
34.000000,1.000000,0.000000,1.000000,21.000000,7.200000,0.187488,1.324512,0.000000,0.467704,0.464661,0.170361
31.000000,3.000000,9.000000,7.000000,59.000000,14.600000,3.109654,5.504346,1.000000,0.383989,0.444903,0.352263
28.000000,1.000000,2.000000,9.000000,16.000000,15.200000,0.870656,1.561344,0.000000,0.458363,0.219448,0.370485
39.000000,1.000000,19.000000,16.000000,45.000000,3.700000,0.915750,0.749250,0.000000,0.002874,0.000689,0.114687
51.000000,2.000000,22.000000,23.000000,120.000000,7.600000,4.140480,4.979520,0.000000,0.007009,0.006794,0.177931
22.000000,1.000000,4.000000,1.000000,16.000000,1.200000,0.084480,0.107520,0.000000,0.155989,0.282033,0.085272
27.000000,3.000000,6.000000,4.000000,26.000000,10.400000,0.930176,1.773824,0.000000,0.245886,0.293363,0.238322
32.000000,1.000000,16.000000,10.000000,38.000000,21.000000,0.694260,7.285740,0.000000,0.037918,0.019013,0.558048
28.000000,2.000000,6.000000,7.000000,38.000000,7.200000,0.774288,1.961712,0.000000,0.149798,0.102839,0.170361
27.000000,2.000000,1.000000,0.000000,20.000000,10.300000,0.376980,1.683020,1.000000,0.522856,0.643730,0.235942
26.000000,2.000000,2.000000,6.000000,24.000000,13.600000,1.576512,1.687488,1.000000,0.584197,0.583848,0.322846
32.000000,1.000000,14.000000,0.000000,36.000000,2.400000,0.273024,0.590976,0.000000,0.021475,0.015264,0.098426
30.000000,1.000000,0.000000,11.000000,17.000000,3.700000,0.446590,0.182410,1.000000,0.249312,0.448411,0.114687
39.000000,1.000000,13.000000,1.000000,38.000000,8.900000,1.897302,1.484698,0.000000,0.104017,0.115731,0.204350
31.000000,1.000000,11.000000,6.000000,28.000000,4.800000,0.345408,0.998592,1.000000,0.034706,0.027051,0.130227
34.000000,1.000000,15.000000,2.000000,39.000000,24.700000,4.373382,5.259618,1.000000,0.523382,0.505125,0.672657
31.000000,1.000000,8.000000,3.000000,41.000000,12.600000,0.134316,5.031684,0.000000,0.143507,0.101917,0.294767
29.000000,2.000000,1.000000,7.000000,25.000000,10.400000,0.569400,2.030600,0.000000,0.411408,0.444978,0.238322
29.000000,1.000000,9.000000,0.000000,25.000000,13.900000,1.070300,2.404700,0.000000,0.243375,0.170332,0.331538
35.000000,2.000000,9.000000,16.000000,30.000000,7.600000,0.649800,1.630200,0.000000,0.038008,0.033805,0.177931
29.000000,1.000000,11.000000,7.000000,32.000000,6.000000,0.927360,0.992640,0.000000,0.048921,0.033823,0.149184
38.000000,2.000000,2.000000,16.000000,22.000000,22.700000,1.208548,3.785452,1.000000,0.529953,0.643459,0.612300
35.000000,1.000000,16.000000,15.000000,36.000000,3.400000,0.178704,1.045296,0.000000,0.004116,0.000987,0.110739
29.000000,1.000000,11.000000,5.000000,36.000000,6.100000,0.709308,1.486692,0.000000,0.051124,0.031545,0.150863
23.000000,2.000000,3.000000,4.000000,34.000000,4.400000,0.261800,1.234200,0.000000,0.213248,0.145669,0.124379
33.000000,4.000000,9.000000,8.000000,32.000000,5.500000,0.496320,1.263680,0.000000,0.054446,0.030981,0.141023
51.000000,2.000000,19.000000,25.000000,159.000000,2.800000,1.068480,3.383520,0.000000,0.001397,0.001036,0.103198
24.000000,1.000000,4.000000,2.000000,21.000000,2.600000,0.099372,0.446628,0.000000,0.162803,0.059987,0.100787
31.000000,1.000000,10.000000,12.000000,49.000000,9.800000,3.236548,1.565452,1.000000,0.186571,0.055121,0.224285
45.000000,1.000000,10.000000,14.000000,52.000000,5.400000,0.932256,1.875744,0.000000,0.034103,0.014567,0.139436
29.000000,1.000000,3.000000,1.000000,17.000000,9.000000,0.469710,1.060290,0.000000,0.368987,0.625453,0.206498
34.000000,1.000000,0.000000,10.000000,20.000000,17.100000,2.048580,1.371420,0.000000,0.746431,0.724005,0.430438
25.000000,2.000000,4.000000,5.000000,27.000000,5.000000,0.549450,0.800550,1.000000,0.195994,0.137672,0.133238
37.000000,1.000000,20.000000,2.000000,56.000000,1.900000,0.542640,0.521360,0.000000,0.004836,0.009645,0.092739
47.000000,1.000000,29.000000,18.000000,129.000000,25.300000,20.561310,12.075690,1.000000,0.991215,0.995959,0.689802
43.000000,2.000000,6.000000,24.000000,54.000000,9.600000,0.622080,4.561920,0.000000,0.047755,0.036403,0.219738
47.000000,1.000000,22.000000,19.000000,81.000000,5.500000,1.505790,2.949210,0.000000,0.001790,0.000461,0.141023
24.000000,1.000000,6.000000,2.000000,21.000000,5.200000,0.108108,0.983892,0.000000,0.131448,0.089581,0.136307
27.000000,3.000000,5.000000,1.000000,75.000000,6.300000,2.206575,2.518425,0.000000,0.434169,0.351187,0.154266
25.000000,1.000000,9.000000,4.000000,18.000000,1.200000,0.065880,0.150120,0.000000,0.040865,0.029102,0.085272
36.000000,3.000000,11.000000,12.000000,44.000000,14.700000,0.446292,6.021708,0.000000,0.053083,0.070477,0.355272
39.000000,1.000000,16.000000,20.000000,57.000000,19.400000,1.559178,9.498822,0.000000,0.024322,0.015141,0.505664
26.000000,1.000000,10.000000,1.000000,25.000000,7.100000,1.306400,0.468600,0.000000,0.127523,0.070363,0.168508
41.000000,1.000000,4.000000,19.000000,25.000000,10.100000,1.060500,1.464500,0.000000,0.141126,0.101949,0.231229
39.000000,1.000000,19.000000,15.000000,60.000000,27.100000,9.593400,6.666600,1.000000,0.780728,0.724045,0.738098
37.000000,1.000000,18.000000,8.000000,54.000000,12.100000,4.593402,1.940598,0.000000,0.108345,0.057386,0.281274
29.000000,1.000000,2.000000,0.000000,14.000000,14.400000,0.586656,1.429344,1.000000,0.581985,0.806556,0.346280
42.000000,1.000000,6.000000,9.000000,31.000000,11.600000,1.024860,2.571140,0.000000,0.203149,0.188032,0.268164
31.000000,4.000000,1.000000,6.000000,29.000000,11.100000,1.065489,2.153511,0.000000,0.517279,0.427345,0.255447
36.000000,1.000000,4.000000,15.000000,17.000000,17.300000,0.520557,2.420443,0.000000,0.239604,0.104515,0.436903
39.000000,1.000000,16.000000,4.000000,52.000000,20.000000,4.160000,6.240000,0.000000,0.299724,0.154597,0.525385
23.000000,4.000000,0.000000,2.000000,23.000000,6.700000,0.468464,1.072536,0.000000,0.476581,0.537184,0.161260
39.000000,1.000000,4.000000,15.000000,33.000000,7.000000,0.397320,1.912680,0.000000,0.105778,0.244172,0.166672
27.000000,3.000000,4.000000,1.000000,40.000000,3.100000,0.283960,0.956040,1.000000,0.196807,0.163147,0.106910
24.000000,1.000000,8.000000,4.000000,24.000000,5.000000,0.381600,0.818400,0.000000,0.083414,0.142736,0.133238
27.000000,3.000000,3.000000,4.000000,45.000000,11.000000,0.292050,4.657950,1.000000,0.330579,0.288037,0.252952
41.000000,1.000000,16.000000,22.000000,49.000000,1.600000,0.431200,0.352800,0.000000,0.002302,0.001113,0.089470
38.000000,1.000000,0.000000,8.000000,23.000000,8.100000,0.897966,0.965034,1.000000,0.447312,0.476795,0.187762
40.000000,2.000000,5.000000,12.000000,35.000000,16.400000,1.584240,4.155760,1.000000,0.348948,0.431535,0.408010
54.000000,1.000000,25.000000,12.000000,120.000000,26.500000,14.596200,17.203800,1.000000,0.946429,0.953755,0.722548
40.000000,1.000000,12.000000,6.000000,89.000000,17.400000,2.771994,12.714006,0.000000,0.256254,0.274812,0.440144
40.000000,1.000000,2.000000,4.000000,32.000000,3.700000,0.853664,0.330336,0.000000,0.313133,0.212885,0.114687
29.000000,1.000000,1.000000,8.000000,31.000000,8.000000,0.156240,2.323760,0.000000,0.291529,0.240067,0.185763
30.000000,1.000000,8.000000,6.000000,23.000000,12.000000,0.761760,1.998240,0.000000,0.151403,0.093441,0.278621
29.000000,1.000000,1.000000,1.000000,18.000000,1.100000,0.029898,0.168102,0.000000,0.268807,0.225102,0.084251
29.000000,3.000000,3.000000,3.000000,50.000000,2.400000,0.259200,0.940800,1.000000,0.197461,0.254253,0.098426
28.000000,4.000000,2.000000,4.000000,41.000000,2.500000,0.459200,0.565800,1.000000,0.246483,0.160980,0.099600
28.000000,4.000000,0.000000,5.000000,38.000000,10.400000,0.636272,3.315728,0.000000,0.521302,0.417017,0.238322
39.000000,2.000000,16.000000,9.000000,89.000000,14.300000,5.001711,7.725289,0.000000,0.218290,0.228454,0.343307
32.000000,1.000000,11.000000,2.000000,53.000000,3.300000,0.089199,1.659801,0.000000,0.036273,0.030092,0.109449
36.000000,2.000000,7.000000,16.000000,43.000000,15.400000,2.648800,3.973200,0.000000,0.286567,0.285974,0.376645
39.000000,1.000000,20.000000,12.000000,39.000000,8.200000,0.773916,2.424084,0.000000,0.004275,0.007953,0.189778
28.000000,3.000000,6.000000,8.000000,47.000000,19.800000,5.574294,3.731706,1.000000,0.885454,0.901780,0.518817
28.000000,1.000000,4.000000,2.000000,28.000000,14.200000,0.437360,3.538640,1.000000,0.396527,0.310011,0.340346
46.000000,1.000000,6.000000,19.000000,31.000000,12.200000,1.985550,1.796450,0.000000,0.171398,0.164193,0.283943
30.000000,2.000000,4.000000,8.000000,15.000000,6.500000,0.350025,0.624975,0.000000,0.162856,0.173472,0.157731
39.000000,2.000000,15.000000,19.000000,32.000000,4.900000,0.421792,1.146208,0.000000,0.004969,0.005018,0.131725
40.000000,3.000000,5.000000,3.000000,220.000000,16.000000,8.166400,27.033600,1.000000,0.979037,0.988185,0.395358
44.000000,2.000000,18.000000,4.000000,74.000000,13.400000,4.521696,5.394304,0.000000,0.153278,0.197676,0.317118
30.000000,1.000000,0.000000,8.000000,19.000000,16.600000,0.624492,2.529508,1.000000,0.594362,0.368223,0.414384
24.000000,2.000000,3.000000,0.000000,19.000000,4.300000,0.358663,0.458337,0.000000,0.282154,0.350680,0.122953
32.000000,1.000000,10.000000,13.000000,32.000000,11.300000,1.167968,2.448032,0.000000,0.068716,0.120386,0.260486
29.000000,2.000000,3.000000,8.000000,15.000000,2.600000,0.146640,0.243360,0.000000,0.135251,0.144113,0.100787
40.000000,2.000000,2.000000,1.000000,36.000000,3.800000,0.277704,1.090296,0.000000,0.296719,0.368624,0.116030
41.000000,2.000000,8.000000,21.000000,43.000000,0.700000,0.085785,0.215215,0.000000,0.013034,0.008566,0.080277
22.000000,1.000000,1.000000,3.000000,17.000000,18.600000,0.806310,2.355690,0.000000,0.695587,0.472445,0.479352
38.000000,1.000000,10.000000,8.000000,34.000000,1.200000,0.036312,0.371688,0.000000,0.023196,0.057984,0.085272
37.000000,2.000000,6.000000,13.000000,62.000000,8.500000,1.185750,4.084250,0.000000,0.133178,0.175573,0.195923
41.000000,3.000000,18.000000,6.000000,71.000000,15.700000,6.565583,4.581417,1.000000,0.378140,0.471497,0.385960
41.000000,3.000000,7.000000,6.000000,56.000000,14.500000,0.373520,7.746480,1.000000,0.185000,0.337327,0.349266
39.000000,1.000000,2.000000,15.000000,22.000000,23.100000,1.915914,3.166086,1.000000,0.655167,0.506130,0.624722
24.000000,2.000000,0.000000,2.000000,15.000000,16.100000,0.321195,2.093805,1.000000,0.657366,0.730841,0.398509
32.000000,3.000000,9.000000,10.000000,51.000000,23.000000,2.686170,9.043830,0.000000,0.445813,0.394716,0.621631
21.000000,3.000000,0.000000,1.000000,26.000000,7.700000,1.529528,0.472472,0.000000,0.664577,0.589680,0.179865
29.000000,1.000000,13.000000,7.000000,27.000000,2.300000,0.068931,0.552069,0.000000,0.013775,0.003669,0.097264
35.000000,2.000000,14.000000,3.000000,82.000000,0.800000,0.468384,0.187616,0.000000,0.016428,0.017446,0.081255
29.000000,1.000000,6.000000,7.000000,21.000000,18.100000,1.109892,2.691108,0.000000,0.358523,0.551898,0.462956
41.000000,2.000000,2.000000,22.000000,30.000000,6.700000,0.112560,1.897440,0.000000,0.082581,0.118554,0.161260
37.000000,1.000000,0.000000,18.000000,18.000000,12.900000,1.583604,0.738396,1.000000,0.448324,0.396189,0.303042
32.000000,2.000000,3.000000,13.000000,47.000000,1.900000,0.428640,0.464360,0.000000,0.103240,0.069547,0.092739
36.000000,5.000000,5.000000,12.000000,20.000000,8.100000,0.729000,0.891000,0.000000,0.136305,0.221719,0.187762
39.000000,2.000000,18.000000,9.000000,44.000000,2.100000,0.367752,0.556248,0.000000,0.004099,0.002625,0.094977
36.000000,1.000000,18.000000,9.000000,67.000000,11.200000,5.245296,2.258704,0.000000,0.130686,0.075941,0.257959
46.000000,3.000000,22.000000,4.000000,99.000000,2.300000,0.826551,1.450449,0.000000,0.003090,0.002250,0.097264
34.000000,1.000000,13.000000,11.000000,51.000000,9.600000,1.875168,3.020832,0.000000,0.051333,0.014933,0.219738
27.000000,1.000000,7.000000,4.000000,26.000000,9.100000,0.641186,1.724814,0.000000,0.161974,0.114126,0.208663
43.000000,1.000000,8.000000,11.000000,45.000000,3.300000,0.677160,0.807840,0.000000,0.049914,0.038822,0.109449
33.000000,1.000000,14.000000,8.000000,72.000000,41.300000,15.016680,14.719320,1.000000,0.999397,0.999457,0.948096
39.000000,2.000000,20.000000,17.000000,101.000000,1.400000,0.340774,1.073226,0.000000,0.001223,0.000642,0.087348
29.000000,1.000000,1.000000,4.000000,17.000000,2.500000,0.131750,0.293250,0.000000,0.256834,0.200879,0.099600
34.000000,4.000000,7.000000,15.000000,40.000000,6.400000,0.949760,1.610240,0.000000,0.069214,0.035251,0.155991
26.000000,1.000000,1.000000,0.000000,21.000000,4.900000,0.608139,0.420861,0.000000,0.437160,0.279491,0.131725
31.000000,1.000000,15.000000,2.000000,60.000000,4.800000,0.803520,2.076480,0.000000,0.023929,0.006835,0.130227
26.000000,1.000000,10.000000,6.000000,24.000000,2.700000,0.311040,0.336960,0.000000,0.035986,0.016757,0.101986
28.000000,1.000000,12.000000,7.000000,45.000000,7.700000,1.853775,1.611225,0.000000,0.073843,0.046751,0.179865
48.000000,1.000000,13.000000,20.000000,50.000000,30.800000,6.113800,9.286200,1.000000,0.657474,0.693189,0.820993
39.000000,2.000000,2.000000,12.000000,46.000000,16.000000,4.003840,3.356160,1.000000,0.810805,0.811812,0.395358
37.000000,1.000000,3.000000,3.000000,25.000000,3.700000,0.275650,0.649350,0.000000,0.217880,0.274127,0.114687
52.000000,5.000000,9.000000,0.000000,70.000000,9.400000,1.329160,5.250840,1.000000,0.200506,0.507736,0.215258
48.000000,1.000000,3.000000,11.000000,27.000000,21.300000,1.403244,4.347756,0.000000,0.567479,0.482486,0.567762
26.000000,1.000000,7.000000,3.000000,22.000000,5.100000,0.208692,0.913308,0.000000,0.103100,0.035176,0.134765
46.000000,5.000000,15.000000,0.000000,126.000000,3.100000,0.476532,3.429468,0.000000,0.020167,0.038406,0.106910
31.000000,1.000000,7.000000,10.000000,23.000000,4.900000,0.225400,0.901600,0.000000,0.060651,0.041069,0.131725
34.000000,1.000000,13.000000,8.000000,56.000000,6.100000,0.864248,2.551752,0.000000,0.027621,0.008255,0.150863
40.000000,1.000000,22.000000,4.000000,95.000000,3.600000,0.632700,2.787300,0.000000,0.003101,0.000846,0.113358
24.000000,3.000000,2.000000,5.000000,16.000000,6.400000,0.270336,0.753664,1.000000,0.276341,0.217100,0.155991
33.000000,1.000000,2.000000,14.000000,44.000000,3.100000,0.525140,0.838860,0.000000,0.137150,0.113480,0.106910
53.000000,4.000000,5.000000,29.000000,78.000000,17.300000,6.935916,6.558084,1.000000,0.757882,0.717873,0.436903
47.000000,3.000000,9.000000,1.000000,52.000000,20.100000,2.539836,7.912164,1.000000,0.543337,0.791486,0.528665
35.000000,1.000000,5.000000,5.000000,32.000000,13.000000,0.174720,3.985280,0.000000,0.238176,0.128139,0.305829
34.000000,1.000000,14.000000,8.000000,28.000000,17.000000,1.137640,3.622360,0.000000,0.063864,0.036219,0.427214
49.000000,1.000000,11.000000,5.000000,39.000000,10.100000,2.457936,1.481064,0.000000,0.172789,0.118143,0.231229
26.000000,2.000000,0.000000,7.000000,28.000000,9.300000,1.270752,1.333248,0.000000,0.547167,0.465958,0.213043
23.000000,1.000000,2.000000,2.000000,16.000000,9.600000,0.804864,0.731136,1.000000,0.467494,0.661126,0.219738
23.000000,2.000000,0.000000,4.000000,21.000000,8.700000,0.454923,1.372077,0.000000,0.478149,0.480246,0.200104
38.000000,2.000000,4.000000,13.000000,56.000000,1.600000,0.441728,0.454272,0.000000,0.081412,0.087867,0.089470
28.000000,2.000000,5.000000,2.000000,37.000000,8.300000,1.123986,1.947014,0.000000,0.312192,0.331114,0.191810
30.000000,3.000000,0.000000,8.000000,65.000000,29.700000,3.899610,15.405390,1.000000,0.968169,0.985002,0.798720
34.000000,1.000000,18.000000,10.000000,34.000000,15.400000,2.099636,3.136364,0.000000,0.032050,0.054932,0.376645
50.000000,2.000000,16.000000,14.000000,71.000000,11.100000,1.662891,6.218109,0.000000,0.020283,0.035738,0.255447
29.000000,1.000000,12.000000,2.000000,40.000000,6.700000,1.632120,1.047880,0.000000,0.088013,0.047456,0.161260
42.000000,3.000000,0.000000,9.000000,64.000000,6.600000,0.278784,3.945216,0.000000,0.314325,0.506289,0.159488
31.000000,1.000000,13.000000,12.000000,27.000000,5.000000,0.237600,1.112400,0.000000,0.012839,0.006752,0.133238
39.000000,1.000000,10.000000,4.000000,31.000000,4.800000,0.184512,1.303488,0.000000,0.046859,0.027451,0.130227
45.000000,2.000000,21.000000,26.000000,132.000000,3.000000,2.558160,1.401840,0.000000,0.001894,0.001088,0.105659
45.000000,1.000000,22.000000,24.000000,91.000000,11.700000,1.256346,9.390654,0.000000,0.001787,0.000937,0.270755
36.000000,1.000000,14.000000,17.000000,53.000000,5.700000,1.888125,1.132875,0.000000,0.018278,0.028206,0.144242
25.000000,4.000000,0.000000,6.000000,24.000000,12.100000,1.597200,1.306800,1.000000,0.669224,0.529164,0.281274
29.000000,2.000000,1.000000,7.000000,29.000000,21.200000,2.330092,3.817908,1.000000,0.832578,0.852273,0.564530
30.000000,2.000000,8.000000,4.000000,56.000000,6.400000,0.333312,3.250688,0.000000,0.091045,0.090234,0.155991
31.000000,1.000000,1.000000,1.000000,24.000000,4.500000,0.217080,0.862920,0.000000,0.355872,0.398717,0.125819
43.000000,1.000000,4.000000,2.000000,29.000000,4.600000,0.053360,1.280640,0.000000,0.184320,0.135616,0.127274
32.000000,2.000000,11.000000,4.000000,57.000000,23.800000,5.439966,8.126034,1.000000,0.807401,0.779095,0.646061
47.000000,1.000000,19.000000,7.000000,50.000000,30.100000,3.175550,11.874450,0.000000,0.183511,0.187639,0.807051
46.000000,1.000000,1.000000,15.000000,21.000000,14.800000,1.376844,1.731156,1.000000,0.460812,0.515169,0.358292
43.000000,2.000000,16.000000,10.000000,83.000000,4.100000,0.258628,3.144372,0.000000,0.006861,0.004837,0.120142
48.000000,1.000000,3.000000,7.000000,24.000000,7.000000,0.764400,0.915600,0.000000,0.262752,0.361857,0.166672
30.000000,3.000000,8.000000,7.000000,61.000000,2.800000,0.549976,1.158024,0.000000,0.060752,0.064767,0.103198
23.000000,4.000000,0.000000,4.000000,32.000000,18.400000,0.818432,5.069568,1.000000,0.726516,0.606953,0.472786
36.000000,4.000000,8.000000,0.000000,32.000000,1.600000,0.024576,0.487424,0.000000,0.070663,0.049536,0.089470
20.000000,3.000000,0.000000,1.000000,17.000000,2.300000,0.043792,0.347208,0.000000,0.344296,0.400509,0.097264
43.000000,1.000000,16.000000,7.000000,89.000000,0.400000,0.159488,0.196512,0.000000,0.005972,0.003885,0.077410
23.000000,1.000000,2.000000,1.000000,25.000000,4.500000,0.123750,1.001250,1.000000,0.291234,0.483047,0.125819
41.000000,1.000000,21.000000,2.000000,76.000000,20.500000,6.948680,8.631320,0.000000,0.436084,0.459917,0.541761
34.000000,1.000000,12.000000,5.000000,68.000000,25.100000,7.817144,9.250856,1.000000,0.929970,0.932250,0.684142
50.000000,1.000000,11.000000,5.000000,36.000000,4.800000,0.834624,0.893376,0.000000,0.049081,0.056270,0.130227
40.000000,1.000000,9.000000,4.000000,64.000000,6.600000,0.789888,3.434112,0.000000,0.094126,0.091886,0.159488
29.000000,2.000000,0.000000,8.000000,22.000000,12.900000,1.038708,1.799292,1.000000,0.572678,0.604360,0.303042
39.000000,2.000000,9.000000,16.000000,56.000000,18.700000,4.764760,5.707240,0.000000,0.526577,0.549685,0.482638
24.000000,2.000000,1.000000,2.000000,42.000000,5.700000,0.837900,1.556100,0.000000,0.446970,0.509606,0.144242
27.000000,1.000000,0.000000,5.000000,16.000000,1.100000,0.130416,0.045584,0.000000,0.263963,0.257210,0.084251
40.000000,3.000000,18.000000,14.000000,157.000000,6.600000,3.326202,7.035798,0.000000,0.021736,0.010448,0.159488
32.000000,2.000000,8.000000,2.000000,45.000000,3.700000,0.982350,0.682650,0.000000,0.118692,0.129230,0.114687
39.000000,2.000000,16.000000,12.000000,53.000000,3.700000,0.694194,1.266806,0.000000,0.007223,0.006233,0.114687
40.000000,1.000000,22.000000,1.000000,100.000000,14.600000,5.402000,9.198000,0.000000,0.138782,0.117025,0.352263
32.000000,1.000000,10.000000,11.000000,42.000000,9.100000,1.540266,2.281734,0.000000,0.081290,0.058660,0.208663
39.000000,1.000000,23.000000,1.000000,75.000000,18.900000,3.132675,11.042325,0.000000,0.047934,0.049876,0.489213
24.000000,1.000000,3.000000,3.000000,21.000000,28.900000,2.682498,3.386502,1.000000,0.910957,0.766281,0.781259
43.000000,4.000000,18.000000,14.000000,446.000000,6.500000,16.031470,12.958530,1.000000,0.969660,0.810529,0.157731
56.000000,1.000000,11.000000,20.000000,59.000000,15.000000,4.672800,4.177200,0.000000,0.252929,0.289117,0.364367
32.000000,3.000000,5.000000,9.000000,23.000000,4.500000,0.326025,0.708975,0.000000,0.104214,0.085720,0.125819
42.000000,1.000000,7.000000,12.000000,25.000000,10.200000,1.629450,0.920550,0.000000,0.163802,0.099213,0.233577
46.000000,3.000000,3.000000,13.000000,43.000000,13.200000,3.042336,2.633664,1.000000,0.582567,0.759321,0.311445
31.000000,1.000000,2.000000,2.000000,22.000000,16.400000,1.739056,1.868944,1.000000,0.732098,0.892224,0.408010
43.000000,1.000000,25.000000,16.000000,242.000000,2.600000,1.635920,4.656080,0.000000,0.000921,0.000206,0.100787
28.000000,2.000000,6.000000,9.000000,22.000000,11.500000,0.650210,1.879790,0.000000,0.169352,0.189890,0.265589
39.000000,3.000000,11.000000,17.000000,39.000000,12.900000,2.560779,2.470221,0.000000,0.096664,0.070066,0.303042
39.000000,1.000000,0.000000,8.000000,39.000000,7.900000,1.066026,2.014974,0.000000,0.466825,0.542855,0.183780
37.000000,4.000000,1.000000,14.000000,33.000000,16.100000,2.693691,2.619309,1.000000,0.688576,0.608891,0.398509
30.000000,1.000000,0.000000,11.000000,17.000000,12.000000,0.303960,1.736040,0.000000,0.389028,0.327951,0.278621
37.000000,5.000000,9.000000,16.000000,177.000000,5.900000,0.887655,9.555345,0.000000,0.037508,0.038796,0.147521
22.000000,1.000000,4.000000,3.000000,14.000000,17.500000,0.225400,2.224600,0.000000,0.417906,0.344028,0.443389
50.000000,1.000000,1.000000,26.000000,26.000000,14.300000,1.851564,1.866436,0.000000,0.305150,0.279920,0.343307
30.000000,1.000000,10.000000,2.000000,19.000000,4.400000,0.336072,0.499928,0.000000,0.057400,0.050708,0.124379
39.000000,1.000000,8.000000,0.000000,21.000000,4.000000,0.276360,0.563640,0.000000,0.097931,0.132450,0.118758
21.000000,2.000000,0.000000,2.000000,21.000000,12.500000,0.488250,2.136750,1.000000,0.605764,0.603273,0.292039
31.000000,3.000000,9.000000,2.000000,28.000000,2.600000,0.121576,0.606424,0.000000,0.055316,0.077154,0.100787
31.000000,2.000000,9.000000,1.000000,30.000000,5.800000,0.602040,1.137960,0.000000,0.099860,0.138414,0.145874
48.000000,1.000000,0.000000,23.000000,30.000000,22.300000,2.662620,4.027380,0.000000,0.697265,0.893551,0.599731
28.000000,1.000000,4.000000,1.000000,16.000000,23.800000,1.085280,2.722720,0.000000,0.706802,0.862388,0.646061
47.000000,3.000000,16.000000,26.000000,221.000000,17.600000,15.791776,23.104224,1.000000,0.978482,0.975208,0.446640
27.000000,2.000000,6.000000,1.000000,34.000000,4.400000,0.237864,1.258136,0.000000,0.141458,0.146719,0.124379
29.000000,2.000000,6.000000,10.000000,65.000000,18.400000,1.985360,9.974640,0.000000,0.426194,0.497212,0.472786
21.000000,2.000000,2.000000,0.000000,20.000000,4.500000,0.290700,0.609300,1.000000,0.329048,0.380252,0.125819
29.000000,1.000000,7.000000,5.000000,20.000000,19.800000,1.005840,2.954160,1.000000,0.360900,0.249299,0.518817
24.000000,4.000000,0.000000,3.000000,29.000000,6.600000,0.589512,1.324488,1.000000,0.471418,0.308260,0.159488
44.000000,1.000000,12.000000,3.000000,31.000000,9.700000,0.357833,2.649167,0.000000,0.052912,0.073273,0.222003
22.000000,1.000000,1.000000,0.000000,18.000000,4.400000,0.270072,0.521928,0.000000,0.379766,0.177080,0.124379
38.000000,2.000000,13.000000,0.000000,59.000000,2.400000,0.407808,1.008192,0.000000,0.029331,0.044697,0.098426
52.000000,2.000000,12.000000,16.000000,76.000000,7.700000,0.994840,4.857160,0.000000,0.022922,0.033961,0.179865
25.000000,1.000000,3.000000,2.000000,18.000000,16.300000,0.352080,2.581920,1.000000,0.489785,0.694945,0.404835
25.000000,1.000000,5.000000,5.000000,22.000000,10.900000,0.402864,1.995136,0.000000,0.228405,0.136132,0.250473
51.000000,2.000000,27.000000,21.000000,166.000000,11.500000,0.820870,18.269130,0.000000,0.000520,0.000346,0.265589
38.000000,1.000000,21.000000,16.000000,58.000000,16.500000,4.584030,4.985970,0.000000,0.043004,0.010705,0.411193
44.000000,1.000000,9.000000,20.000000,33.000000,5.200000,0.545688,1.170312,0.000000,0.021296,0.016538,0.136307
24.000000,2.000000,2.000000,3.000000,26.000000,9.700000,0.887744,1.634256,1.000000,0.461293,0.463145,0.222003
34.000000,1.000000,5.000000,3.000000,33.000000,7.300000,0.778107,1.630893,0.000000,0.239105,0.124100,0.172229
25.000000,2.000000,6.000000,2.000000,26.000000,4.500000,0.070200,1.099800,0.000000,0.122204,0.118266,0.125819
45.000000,3.000000,5.000000,17.000000,94.000000,10.500000,3.612420,6.257580,1.000000,0.404073,0.540470,0.240720
34.000000,2.000000,4.000000,10.000000,25.000000,5.800000,0.569850,0.880150,0.000000,0.149892,0.207168,0.145874
27.000000,4.000000,2.000000,8.000000,23.000000,5.700000,0.319884,0.991116,1.000000,0.224468,0.136648,0.144242
33.000000,2.000000,10.000000,13.000000,57.000000,20.900000,6.111369,5.801631,1.000000,0.745231,0.773667,0.554799
35.000000,2.000000,0.000000,16.000000,22.000000,15.000000,1.970100,1.329900,1.000000,0.589492,0.619998,0.364367
50.000000,2.000000,15.000000,31.000000,60.000000,1.100000,0.467940,0.192060,0.000000,0.001381,0.000740,0.084251
33.000000,1.000000,13.000000,13.000000,42.000000,3.600000,0.228312,1.283688,0.000000,0.010431,0.003220,0.113358
41.000000,3.000000,13.000000,13.000000,91.000000,25.200000,2.316132,20.615868,1.000000,0.190067,0.235820,0.686979
28.000000,1.000000,0.000000,2.000000,28.000000,33.300000,2.284380,7.039620,1.000000,0.964245,0.968754,0.864377
38.000000,3.000000,12.000000,14.000000,63.000000,16.000000,5.715360,4.364640,1.000000,0.461943,0.516548,0.395358
25.000000,1.000000,3.000000,2.000000,16.000000,17.800000,1.011040,1.836960,1.000000,0.615175,0.489747,0.453155
47.000000,2.000000,4.000000,9.000000,33.000000,7.100000,1.194930,1.148070,1.000000,0.234822,0.435270,0.168508
30.000000,2.000000,12.000000,9.000000,98.000000,7.200000,2.935296,4.120704,0.000000,0.107550,0.075334,0.170361
44.000000,2.000000,12.000000,5.000000,86.000000,13.000000,1.475760,9.704240,0.000000,0.107609,0.170816,0.305829
25.000000,1.000000,0.000000,2.000000,18.000000,18.900000,0.513702,2.888298,1.000000,0.732830,0.876014,0.489213
41.000000,2.000000,6.000000,0.000000,36.000000,19.500000,4.513860,2.506140,1.000000,0.887052,0.950276,0.508953
22.000000,3.000000,0.000000,1.000000,18.000000,7.700000,0.478170,0.907830,0.000000,0.520321,0.460275,0.179865
35.000000,2.000000,3.000000,11.000000,40.000000,17.200000,1.802560,5.077440,1.000000,0.534567,0.510171,0.433668
42.000000,5.000000,6.000000,23.000000,190.000000,7.800000,3.156660,11.663340,0.000000,0.165472,0.193342,0.181814
38.000000,1.000000,3.000000,19.000000,23.000000,14.700000,0.831726,2.549274,0.000000,0.216119,0.150363,0.355272
23.000000,2.000000,1.000000,3.000000,18.000000,18.700000,0.885258,2.480742,1.000000,0.706912,0.707448,0.482638
28.000000,3.000000,2.000000,5.000000,30.000000,19.900000,1.522350,4.447650,0.000000,0.720374,0.691310,0.522102
52.000000,1.000000,19.000000,25.000000,89.000000,4.700000,0.397385,3.785615,0.000000,0.001125,0.002138,0.128743
25.000000,1.000000,9.000000,2.000000,20.000000,3.500000,0.105000,0.595000,0.000000,0.059087,0.031391,0.112041
28.000000,2.000000,1.000000,4.000000,16.000000,14.700000,0.573888,1.778112,0.000000,0.566530,0.525670,0.355272
43.000000,1.000000,19.000000,11.000000,79.000000,7.500000,0.782100,5.142900,0.000000,0.005574,0.003779,0.176014
24.000000,2.000000,3.000000,1.000000,24.000000,19.100000,2.172816,2.411184,0.000000,0.790974,0.832410,0.495793
34.000000,3.000000,13.000000,7.000000,52.000000,9.200000,1.497392,3.286608,0.000000,0.055018,0.066447,0.210845
29.000000,2.000000,6.000000,9.000000,25.000000,4.200000,0.584850,0.465150,0.000000,0.093466,0.086538,0.121540
31.000000,1.000000,6.000000,9.000000,21.000000,8.300000,0.728574,1.014426,0.000000,0.138503,0.062204,0.191810
42.000000,2.000000,14.000000,1.000000,48.000000,8.600000,1.201248,2.926752,1.000000,0.056185,0.102771,0.198005
49.000000,2.000000,11.000000,1.000000,51.000000,15.000000,0.543150,7.106850,0.000000,0.129468,0.267632,0.364367
39.000000,1.000000,22.000000,9.000000,73.000000,14.300000,3.726723,6.712277,0.000000,0.030418,0.022713,0.343307
45.000000,3.000000,0.000000,19.000000,22.000000,4.200000,0.030492,0.893508,0.000000,0.124931,0.228426,0.121540
41.000000,1.000000,7.000000,22.000000,32.000000,2.900000,0.072384,0.855616,0.000000,0.018357,0.014986,0.104422
29.000000,2.000000,9.000000,0.000000,46.000000,1.600000,0.241408,0.494592,0.000000,0.063275,0.045304,0.089470
35.000000,3.000000,7.000000,5.000000,38.000000,15.100000,1.382858,4.355142,0.000000,0.316418,0.314630,0.367421
27.000000,2.000000,5.000000,6.000000,25.000000,6.800000,0.705500,0.994500,0.000000,0.184362,0.132582,0.163048
28.000000,1.000000,4.000000,7.000000,19.000000,4.100000,0.286672,0.492328,0.000000,0.141362,0.087586,0.120142
48.000000,1.000000,17.000000,22.000000,66.000000,3.200000,1.467840,0.644160,0.000000,0.003762,0.001296,0.108173
24.000000,1.000000,2.000000,5.000000,18.000000,6.000000,0.528120,0.551880,0.000000,0.299374,0.253139,0.149184
31.000000,1.000000,6.000000,12.000000,33.000000,4.200000,0.145530,1.240470,0.000000,0.059106,0.018468,0.121540
43.000000,1.000000,10.000000,9.000000,69.000000,6.400000,0.410688,4.005312,0.000000,0.041169,0.038160,0.155991
42.000000,1.000000,3.000000,10.000000,24.000000,10.600000,0.666528,1.877472,0.000000,0.266243,0.259469,0.243134
51.000000,2.000000,31.000000,14.000000,249.000000,7.800000,4.272840,15.149160,0.000000,0.001811,0.001468,0.181814
22.000000,1.000000,4.000000,3.000000,19.000000,23.100000,1.887270,2.501730,1.000000,0.753091,0.646574,0.624722
37.000000,1.000000,6.000000,10.000000,31.000000,11.700000,1.701063,1.925937,1.000000,0.258902,0.198493,0.270755
22.000000,3.000000,1.000000,3.000000,25.000000,13.800000,1.976850,1.473150,1.000000,0.745245,0.780352,0.328627
49.000000,2.000000,2.000000,13.000000,20.000000,16.900000,0.378560,3.001440,1.000000,0.348910,0.448639,0.423997
29.000000,1.000000,9.000000,8.000000,30.000000,8.200000,0.154980,2.305020,0.000000,0.056689,0.041922,0.189778
42.000000,1.000000,2.000000,16.000000,30.000000,9.700000,1.472460,1.437540,0.000000,0.293948,0.163921,0.222003
34.000000,1.000000,15.000000,0.000000,67.000000,13.200000,3.741012,5.102988,0.000000,0.245765,0.230247,0.311445
34.000000,2.000000,9.000000,7.000000,27.000000,1.700000,0.295137,0.163863,0.000000,0.038272,0.051917,0.090548
32.000000,2.000000,5.000000,5.000000,43.000000,15.000000,1.806000,4.644000,1.000000,0.487140,0.542037,0.364367
42.000000,2.000000,18.000000,23.000000,66.000000,9.600000,1.641024,4.694976,0.000000,0.005279,0.004845,0.219738
24.000000,1.000000,3.000000,0.000000,14.000000,16.100000,0.838488,1.415512,1.000000,0.594520,0.340543,0.398509
34.000000,1.000000,16.000000,9.000000,48.000000,7.600000,1.473792,2.174208,0.000000,0.020064,0.035353,0.177931
26.000000,1.000000,10.000000,2.000000,32.000000,4.700000,0.126336,1.377664,0.000000,0.052536,0.015900,0.128743
30.000000,2.000000,12.000000,9.000000,68.000000,20.100000,2.856612,10.811388,0.000000,0.264548,0.258954,0.528665
32.000000,1.000000,4.000000,3.000000,16.000000,28.500000,0.893760,3.666240,1.000000,0.735464,0.749166,0.772129
38.000000,3.000000,13.000000,18.000000,25.000000,5.700000,0.343425,1.081575,0.000000,0.008948,0.009798,0.144242
43.000000,2.000000,10.000000,24.000000,37.000000,8.500000,0.676175,2.468825,0.000000,0.017477,0.020978,0.195923
31.000000,2.000000,9.000000,8.000000,53.000000,13.500000,1.194885,5.960115,0.000000,0.148281,0.109028,0.319975
37.000000,4.000000,10.000000,18.000000,123.000000,17.300000,3.021618,18.257382,0.000000,0.194493,0.117875,0.436903
37.000000,2.000000,4.000000,11.000000,20.000000,21.700000,0.173600,4.166400,1.000000,0.345178,0.472260,0.580633
41.000000,3.000000,12.000000,11.000000,86.000000,26.500000,4.991010,17.798990,1.000000,0.646333,0.710386,0.722548
32.000000,1.000000,0.000000,4.000000,20.000000,3.000000,0.263400,0.336600,1.000000,0.331741,0.614620,0.105659
22.000000,2.000000,0.000000,1.000000,35.000000,9.000000,0.781200,2.368800,1.000000,0.591390,0.514286,0.206498
32.000000,2.000000,12.000000,3.000000,63.000000,18.200000,5.549544,5.916456,0.000000,0.698539,0.716056,0.466230
47.000000,2.000000,17.000000,23.000000,41.000000,9.500000,0.455715,3.439285,0.000000,0.003388,0.002282,0.217490
40.000000,1.000000,21.000000,21.000000,46.000000,6.200000,0.966828,1.885172,0.000000,0.001515,0.000667,0.152556
31.000000,1.000000,8.000000,1.000000,22.000000,6.700000,0.369974,1.104026,0.000000,0.118187,0.050740,0.161260
34.000000,3.000000,7.000000,0.000000,27.000000,2.200000,0.125334,0.468666,0.000000,0.097682,0.101664,0.096115
52.000000,4.000000,13.000000,17.000000,234.000000,7.700000,7.387380,10.630620,0.000000,0.398095,0.256097,0.179865
28.000000,1.000000,2.000000,2.000000,17.000000,2.500000,0.199325,0.225675,1.000000,0.249015,0.478431,0.099600
38.000000,3.000000,15.000000,18.000000,63.000000,13.400000,5.090526,3.351474,0.000000,0.142727,0.140456,0.317118
33.000000,2.000000,10.000000,4.000000,26.000000,3.100000,0.030628,0.775372,0.000000,0.037296,0.041499,0.106910
39.000000,2.000000,9.000000,12.000000,32.000000,6.600000,1.429824,0.682176,0.000000,0.072591,0.081220,0.159488
47.000000,3.000000,23.000000,11.000000,115.000000,4.000000,0.653200,3.946800,0.000000,0.001446,0.001542,0.118758
36.000000,2.000000,11.000000,8.000000,49.000000,1.300000,0.272636,0.364364,0.000000,0.021069,0.025992,0.086305
29.000000,3.000000,7.000000,2.000000,84.000000,13.600000,6.911520,4.512480,1.000000,0.924768,0.903759,0.322846
48.000000,4.000000,14.000000,10.000000,59.000000,16.500000,4.935645,4.799355,1.000000,0.328411,0.479204,0.411193
38.000000,3.000000,12.000000,18.000000,64.000000,5.800000,0.894592,2.817408,0.000000,0.015671,0.015884,0.145874
46.000000,2.000000,9.000000,26.000000,15.000000,4.300000,0.014835,0.630165,0.000000,0.009024,0.012456,0.122953
27.000000,3.000000,5.000000,4.000000,42.000000,19.900000,2.707992,5.650008,1.000000,0.726938,0.787395,0.522102
54.000000,1.000000,18.000000,34.000000,114.000000,8.500000,3.294600,6.395400,0.000000,0.005056,0.002669,0.195923
27.000000,4.000000,0.000000,0.000000,25.000000,12.700000,1.419225,1.755775,1.000000,0.758254,0.831473,0.297511
23.000000,1.000000,1.000000,0.000000,17.000000,1.600000,0.011696,0.260304,0.000000,0.291990,0.209056,0.089470
41.000000,1.000000,23.000000,2.000000,91.000000,13.700000,0.573482,11.893518,0.000000,0.006723,0.004915,0.325730
24.000000,1.000000,3.000000,5.000000,15.000000,11.300000,0.072885,1.622115,1.000000,0.291954,0.464712,0.260486
28.000000,1.000000,9.000000,0.000000,22.000000,27.700000,5.283498,0.810502,1.000000,0.923999,0.963417,0.753074
26.000000,1.000000,0.000000,0.000000,14.000000,10.500000,0.255780,1.214220,0.000000,0.570108,0.494910,0.240720
24.000000,1.000000,8.000000,0.000000,17.000000,5.600000,0.569296,0.382704,1.000000,0.128829,0.073711,0.142625
49.000000,2.000000,22.000000,4.000000,79.000000,7.300000,0.288350,5.478650,0.000000,0.003527,0.004944,0.172229
28.000000,2.000000,3.000000,1.000000,36.000000,8.600000,0.383904,2.712096,0.000000,0.349545,0.454011,0.198005
38.000000,1.000000,6.000000,17.000000,18.000000,13.000000,0.131040,2.208960,0.000000,0.082771,0.075177,0.305829
33.000000,2.000000,2.000000,9.000000,37.000000,4.500000,0.834165,0.830835,0.000000,0.243737,0.209582,0.125819
26.000000,1.000000,8.000000,4.000000,25.000000,4.700000,0.210325,0.964675,0.000000,0.074367,0.023294,0.128743
36.000000,1.000000,9.000000,1.000000,40.000000,9.800000,1.975680,1.944320,0.000000,0.257573,0.280852,0.224285
37.000000,3.000000,16.000000,14.000000,50.000000,36.600000,7.320000,10.980000,1.000000,0.834081,0.872401,0.907750
25.000000,4.000000,0.000000,1.000000,18.000000,33.400000,2.801592,3.210408,1.000000,0.975424,0.954978,0.865913
29.000000,1.000000,9.000000,2.000000,33.000000,4.800000,0.693792,0.890208,0.000000,0.089829,0.064154,0.130227
27.000000,2.000000,8.000000,4.000000,38.000000,6.900000,0.364458,2.257542,0.000000,0.096306,0.088770,0.164852
45.000000,1.000000,17.000000,0.000000,62.000000,15.000000,2.436600,6.863400,0.000000,0.100194,0.060983,0.364367
37.000000,1.000000,9.000000,8.000000,57.000000,5.500000,1.357455,1.777545,0.000000,0.086185,0.066374,0.141023
29.000000,2.000000,3.000000,6.000000,26.000000,6.100000,0.537654,1.048346,1.000000,0.238698,0.255682,0.150863
51.000000,1.000000,10.000000,1.000000,44.000000,13.200000,4.960032,0.847968,1.000000,0.670161,0.732332,0.311445
22.000000,3.000000,0.000000,0.000000,23.000000,8.400000,0.372876,1.559124,1.000000,0.540916,0.621831,0.193858
30.000000,4.000000,7.000000,10.000000,30.000000,15.700000,0.263760,4.446240,0.000000,0.146192,0.083086,0.385960
31.000000,1.000000,7.000000,2.000000,20.000000,12.300000,0.110700,2.349300,0.000000,0.182033,0.376786,0.286626
28.000000,1.000000,2.000000,0.000000,18.000000,14.800000,1.939392,0.724608,1.000000,0.757927,0.897351,0.358292
35.000000,1.000000,10.000000,16.000000,39.000000,5.700000,0.217854,2.005146,0.000000,0.020055,0.011794,0.144242
25.000000,4.000000,1.000000,1.000000,34.000000,8.500000,0.132940,2.757060,1.000000,0.428378,0.509218,0.195923
32.000000,2.000000,5.000000,0.000000,28.000000,14.800000,2.594144,1.549856,1.000000,0.687558,0.792138,0.358292
33.000000,1.000000,2.000000,10.000000,24.000000,9.600000,1.041408,1.262592,0.000000,0.344200,0.171050,0.219738
28.000000,2.000000,3.000000,4.000000,41.000000,25.100000,5.896743,4.394257,1.000000,0.977033,0.972009,0.684142
46.000000,3.000000,4.000000,17.000000,73.000000,5.400000,2.223288,1.718712,0.000000,0.199080,0.195482,0.139436
41.000000,1.000000,24.000000,12.000000,83.000000,14.000000,6.588540,5.031460,0.000000,0.070606,0.117450,0.334461
42.000000,2.000000,11.000000,5.000000,73.000000,6.800000,2.869192,2.094808,0.000000,0.164982,0.154688,0.163048
41.000000,4.000000,9.000000,13.000000,47.000000,5.000000,0.437100,1.912900,0.000000,0.034262,0.019126,0.133238
26.000000,1.000000,3.000000,5.000000,29.000000,25.700000,2.526567,4.926433,1.000000,0.857060,0.837779,0.700954
47.000000,1.000000,27.000000,8.000000,113.000000,9.200000,2.380684,8.015316,0.000000,0.002974,0.000965,0.210845
29.000000,1.000000,1.000000,3.000000,18.000000,25.600000,1.981440,2.626560,1.000000,0.892601,0.855809,0.698187
34.000000,1.000000,3.000000,14.000000,36.000000,4.700000,0.624348,1.067652,0.000000,0.131965,0.114281,0.128743
36.000000,1.000000,7.000000,2.000000,43.000000,6.200000,1.039740,1.626260,0.000000,0.181128,0.200800,0.152556
38.000000,2.000000,7.000000,4.000000,64.000000,3.000000,0.650880,1.269120,0.000000,0.101882,0.092819,0.105659
41.000000,2.000000,4.000000,14.000000,26.000000,19.200000,1.472640,3.519360,1.000000,0.410873,0.557666,0.499083
46.000000,1.000000,9.000000,23.000000,31.000000,13.800000,1.617084,2.660916,0.000000,0.063066,0.146305,0.328627
40.000000,3.000000,3.000000,15.000000,55.000000,16.500000,1.751475,7.323525,1.000000,0.431054,0.449835,0.411193
44.000000,2.000000,17.000000,0.000000,129.000000,2.500000,0.551475,2.673525,0.000000,0.012388,0.009242,0.099600
35.000000,3.000000,10.000000,15.000000,39.000000,10.400000,1.602120,2.453880,0.000000,0.069155,0.046214,0.238322
36.000000,1.000000,20.000000,15.000000,60.000000,5.400000,1.056240,2.183760,0.000000,0.003080,0.000641,0.139436
28.000000,2.000000,0.000000,3.000000,30.000000,4.800000,0.120960,1.319040,1.000000,0.367766,0.419126,0.130227
29.000000,2.000000,6.000000,7.000000,18.000000,5.100000,0.449820,0.468180,1.000000,0.108373,0.133625,0.134765
23.000000,2.000000,3.000000,3.000000,22.000000,11.400000,1.274064,1.233936,1.000000,0.493420,0.476902,0.263030
41.000000,2.000000,7.000000,17.000000,63.000000,15.400000,4.637556,5.064444,0.000000,0.536483,0.490577,0.376645
25.000000,1.000000,1.000000,1.000000,19.000000,6.900000,0.190095,1.120905,0.000000,0.402046,0.351605,0.164852
45.000000,2.000000,2.000000,19.000000,29.000000,5.400000,0.443178,1.122822,0.000000,0.110136,0.114909,0.139436
48.000000,2.000000,30.000000,14.000000,148.000000,7.200000,3.974688,6.681312,0.000000,0.001845,0.001200,0.170361
38.000000,1.000000,18.000000,7.000000,45.000000,7.000000,0.535500,2.614500,0.000000,0.008148,0.004555,0.166672
29.000000,1.000000,6.000000,4.000000,46.000000,5.400000,1.169964,1.314036,0.000000,0.193940,0.073253,0.139436
42.000000,4.000000,15.000000,8.000000,186.000000,3.600000,2.403864,4.292136,0.000000,0.032773,0.012513,0.113358
31.000000,1.000000,11.000000,12.000000,47.000000,10.900000,2.863757,2.259243,0.000000,0.138053,0.039066,0.250473
40.000000,1.000000,3.000000,13.000000,23.000000,6.900000,0.409446,1.177554,0.000000,0.150408,0.126246,0.164852
26.000000,1.000000,2.000000,6.000000,21.000000,19.800000,1.022868,3.135132,0.000000,0.638773,0.374275,0.518817
25.000000,1.000000,6.000000,6.000000,22.000000,20.200000,2.261996,2.182004,0.000000,0.585399,0.453776,0.531944
53.000000,4.000000,7.000000,11.000000,61.000000,7.900000,1.874591,2.944409,0.000000,0.166379,0.163983,0.183780
50.000000,3.000000,18.000000,27.000000,102.000000,14.100000,5.781564,8.600436,0.000000,0.057645,0.068585,0.337397
47.000000,1.000000,31.000000,9.000000,136.000000,23.100000,14.231448,17.184552,1.000000,0.759645,0.902404,0.624722
23.000000,1.000000,1.000000,0.000000,21.000000,8.400000,1.210104,0.553896,1.000000,0.598967,0.347133,0.193858
37.000000,3.000000,12.000000,8.000000,83.000000,4.100000,0.319882,3.083118,0.000000,0.021731,0.025723,0.120142
41.000000,1.000000,24.000000,15.000000,100.000000,11.500000,5.060000,6.440000,0.000000,0.019500,0.004622,0.265589
28.000000,2.000000,0.000000,7.000000,29.000000,13.300000,2.148349,1.708651,1.000000,0.739844,0.758225,0.314275
31.000000,1.000000,7.000000,11.000000,41.000000,30.700000,2.995706,9.591294,1.000000,0.739499,0.719405,0.819051
41.000000,2.000000,6.000000,1.000000,19.000000,6.300000,0.124488,1.072512,0.000000,0.154401,0.260757,0.154266
36.000000,1.000000,7.000000,17.000000,40.000000,9.900000,1.694880,2.265120,0.000000,0.116559,0.078404,0.226583
41.000000,1.000000,1.000000,16.000000,19.000000,4.400000,0.241604,0.594396,0.000000,0.141028,0.164086,0.124379
53.000000,2.000000,16.000000,31.000000,44.000000,5.600000,1.333024,1.130976,0.000000,0.002643,0.001729,0.142625
31.000000,2.000000,6.000000,5.000000,25.000000,11.500000,2.331625,0.543375,0.000000,0.425117,0.363859,0.265589
28.000000,2.000000,5.000000,6.000000,25.000000,2.900000,0.338575,0.386425,0.000000,0.114909,0.140525,0.104422
48.000000,1.000000,28.000000,25.000000,70.000000,12.000000,4.334400,4.065600,0.000000,0.002301,0.003278,0.278621
23.000000,2.000000,0.000000,1.000000,42.000000,3.900000,1.018836,0.619164,1.000000,0.513926,0.573794,0.117387
31.000000,1.000000,11.000000,6.000000,34.000000,6.800000,0.298248,2.013752,0.000000,0.040079,0.012845,0.163048
27.000000,1.000000,6.000000,6.000000,43.000000,4.900000,0.882833,1.224167,0.000000,0.142368,0.045794,0.131725
43.000000,1.000000,11.000000,17.000000,37.000000,1.300000,0.179894,0.301106,0.000000,0.009728,0.003446,0.086305
29.000000,2.000000,5.000000,7.000000,28.000000,18.700000,2.125816,3.110184,0.000000,0.573439,0.493364,0.482638
53.000000,1.000000,6.000000,7.000000,27.000000,6.400000,0.594432,1.133568,1.000000,0.128997,0.457984,0.155991
38.000000,1.000000,4.000000,9.000000,19.000000,13.600000,1.245488,1.338512,0.000000,0.359259,0.353877,0.322846
30.000000,1.000000,12.000000,10.000000,38.000000,8.500000,0.171190,3.058810,0.000000,0.024932,0.006685,0.195923
28.000000,3.000000,2.000000,0.000000,20.000000,9.400000,0.233120,1.646880,1.000000,0.422388,0.417275,0.215258
36.000000,1.000000,11.000000,2.000000,33.000000,32.500000,1.265550,9.459450,0.000000,0.492922,0.459358,0.851554
48.000000,1.000000,15.000000,5.000000,60.000000,2.100000,0.321300,0.938700,0.000000,0.011354,0.036418,0.094977
31.000000,1.000000,12.000000,9.000000,24.000000,6.600000,0.441936,1.142064,0.000000,0.026658,0.018830,0.159488
35.000000,1.000000,16.000000,10.000000,57.000000,10.500000,1.143135,4.841865,0.000000,0.019777,0.011858,0.240720
50.000000,1.000000,4.000000,4.000000,23.000000,12.500000,0.140875,2.734125,0.000000,0.288560,0.268133,0.292039
42.000000,2.000000,12.000000,9.000000,55.000000,15.000000,2.532750,5.717250,0.000000,0.160005,0.207225,0.364367
40.000000,1.000000,2.000000,3.000000,28.000000,7.100000,0.184884,1.803116,0.000000,0.312734,0.335674,0.168508
37.000000,2.000000,0.000000,13.000000,31.000000,0.900000,0.118017,0.160983,1.000000,0.154440,0.233323,0.082243
31.000000,3.000000,6.000000,8.000000,54.000000,2.800000,0.402192,1.109808,0.000000,0.081734,0.095262,0.103198
38.000000,1.000000,11.000000,13.000000,35.000000,8.000000,1.265600,1.534400,0.000000,0.043750,0.015031,0.185763
35.000000,1.000000,15.000000,1.000000,77.000000,10.600000,5.501188,2.660812,0.000000,0.395683,0.352863,0.243134
44.000000,1.000000,24.000000,10.000000,101.000000,5.600000,2.992024,2.663976,0.000000,0.005393,0.001376,0.142625
44.000000,2.000000,21.000000,14.000000,113.000000,13.200000,3.192024,11.723976,0.000000,0.017482,0.017772,0.311445
33.000000,1.000000,0.000000,12.000000,23.000000,0.900000,0.077418,0.129582,0.000000,0.162164,0.070973,0.082243
35.000000,1.000000,7.000000,14.000000,29.000000,4.900000,0.264306,1.156694,0.000000,0.045532,0.015394,0.131725
36.000000,3.000000,10.000000,4.000000,43.000000,13.000000,0.961480,4.628520,0.000000,0.136622,0.210073,0.305829
23.000000,2.000000,3.000000,4.000000,24.000000,6.300000,0.551880,0.960120,0.000000,0.274574,0.305546,0.154266
27.000000,1.000000,0.000000,7.000000,18.000000,12.800000,0.582912,1.721088,0.000000,0.525985,0.286216,0.300269
34.000000,1.000000,6.000000,1.000000,20.000000,1.200000,0.042480,0.197520,0.000000,0.099963,0.262585,0.085272
35.000000,1.000000,0.000000,5.000000,34.000000,11.100000,1.369962,2.404038,1.000000,0.638175,0.656170,0.255447
24.000000,2.000000,4.000000,4.000000,20.000000,3.700000,0.324120,0.415880,0.000000,0.171628,0.197758,0.114687
48.000000,1.000000,30.000000,8.000000,101.000000,6.400000,1.874560,4.589440,0.000000,0.000841,0.000592,0.155991
26.000000,2.000000,8.000000,1.000000,40.000000,11.800000,0.443680,4.276320,0.000000,0.179856,0.180012,0.273361
40.000000,1.000000,6.000000,9.000000,36.000000,2.100000,0.390852,0.365148,1.000000,0.071190,0.188449,0.094977
34.000000,1.000000,9.000000,8.000000,48.000000,9.300000,0.419616,4.044384,0.000000,0.071552,0.053967,0.213043
35.000000,1.000000,17.000000,4.000000,42.000000,3.000000,0.093240,1.166760,0.000000,0.007232,0.014854,0.105659
30.000000,1.000000,7.000000,2.000000,33.000000,25.400000,1.165098,7.216902,1.000000,0.564102,0.532724,0.692612
20.000000,1.000000,4.000000,0.000000,14.000000,9.700000,0.200984,1.157016,1.000000,0.312145,0.119565,0.222003
36.000000,4.000000,1.000000,17.000000,30.000000,11.500000,0.324300,3.125700,0.000000,0.229003,0.159675,0.265589
21.000000,1.000000,1.000000,1.000000,16.000000,6.300000,0.141120,0.866880,0.000000,0.382732,0.299956,0.154266
34.000000,1.000000,18.000000,10.000000,53.000000,10.500000,0.840315,4.724685,0.000000,0.010333,0.017875,0.240720
35.000000,1.000000,7.000000,5.000000,39.000000,16.100000,1.701609,4.577391,1.000000,0.377689,0.400254,0.398509
35.000000,3.000000,1.000000,4.000000,20.000000,7.900000,0.853200,0.726800,0.000000,0.456992,0.496680,0.183780
34.000000,1.000000,10.000000,1.000000,33.000000,10.300000,2.501664,0.897336,1.000000,0.277740,0.244809,0.235942
33.000000,1.000000,12.000000,12.000000,68.000000,10.800000,1.365984,5.978016,0.000000,0.050154,0.035176,0.248010
30.000000,1.000000,4.000000,2.000000,18.000000,10.700000,0.227268,1.698732,0.000000,0.299585,0.238628,0.245564
24.000000,2.000000,0.000000,5.000000,16.000000,7.300000,0.024528,1.143472,0.000000,0.368445,0.377358,0.172229
47.000000,1.000000,31.000000,8.000000,253.000000,7.200000,9.308376,8.907624,0.000000,0.047772,0.021034,0.170361
53.000000,1.000000,0.000000,26.000000,27.000000,28.900000,2.754459,5.048541,1.000000,0.773075,0.815203,0.781259
22.000000,3.000000,0.000000,2.000000,20.000000,4.700000,0.219020,0.720980,0.000000,0.398143,0.335898,0.128743
48.000000,2.000000,6.000000,1.000000,66.000000,12.100000,2.315940,5.670060,0.000000,0.516782,0.654408,0.281274
36.000000,2.000000,6.000000,15.000000,27.000000,4.600000,0.262062,0.979938,1.000000,0.051703,0.053386,0.127274
29.000000,2.000000,6.000000,4.000000,21.000000,11.500000,0.369495,2.045505,0.000000,0.206713,0.265626,0.265589
33.000000,1.000000,15.000000,3.000000,32.000000,7.600000,0.491264,1.940736,0.000000,0.023627,0.007908,0.177931
45.000000,1.000000,19.000000,22.000000,77.000000,8.400000,2.302608,4.165392,0.000000,0.005899,0.003735,0.193858
37.000000,1.000000,12.000000,14.000000,44.000000,14.700000,2.994684,3.473316,0.000000,0.138690,0.094588,0.355272
36.000000,1.000000,16.000000,13.000000,32.000000,10.900000,0.544128,2.943872,,0.011488,0.003228,0.250473
50.000000,1.000000,6.000000,27.000000,21.000000,12.900000,1.316574,1.392426,,0.072611,0.032731,0.303042
40.000000,1.000000,9.000000,9.000000,33.000000,17.000000,4.880700,0.729300,,0.643710,0.834215,0.427214
31.000000,1.000000,5.000000,7.000000,23.000000,2.000000,0.046000,0.414000,,0.085498,0.066489,0.093852
29.000000,1.000000,4.000000,0.000000,24.000000,7.800000,0.866736,1.005264,,0.359775,0.329223,0.181814
25.000000,2.000000,1.000000,3.000000,14.000000,9.900000,0.232848,1.153152,,0.432873,0.457542,0.226583
34.000000,1.000000,4.000000,3.000000,28.000000,9.400000,1.058064,1.573936,,0.361417,0.397209,0.215258
50.000000,1.000000,30.000000,8.000000,150.000000,32.500000,13.552500,35.197500,,0.871608,0.979315,0.851554
27.000000,1.000000,5.000000,5.000000,26.000000,1.200000,0.130416,0.181584,,0.097120,0.033520,0.085272
31.000000,4.000000,7.000000,12.000000,97.000000,6.000000,1.827480,3.992520,,0.131535,0.057772,0.149184
45.000000,1.000000,8.000000,25.000000,27.000000,2.600000,0.415584,0.286416,,0.013448,0.009781,0.100787
35.000000,1.000000,10.000000,8.000000,28.000000,1.300000,0.109928,0.254072,,0.024381,0.008726,0.086305
47.000000,2.000000,27.000000,7.000000,107.000000,6.100000,1.638277,4.888723,,0.001605,0.001027,0.150863
50.000000,3.000000,25.000000,7.000000,94.000000,5.300000,1.733736,3.248264,,0.002564,0.003550,0.137864
37.000000,2.000000,15.000000,11.000000,108.000000,11.800000,5.250528,7.493472,,0.218633,0.237712,0.273361
46.000000,1.000000,7.000000,6.000000,41.000000,23.400000,0.585234,9.008766,,0.359865,0.298130,0.633932
26.000000,4.000000,1.000000,5.000000,92.000000,13.000000,6.506240,5.453760,,0.968800,0.973735,0.305829
33.000000,1.000000,16.000000,12.000000,46.000000,8.100000,2.399544,1.326456,,0.027715,0.013659,0.187762
43.000000,1.000000,8.000000,0.000000,32.000000,19.000000,1.234240,4.845760,,0.413972,0.459898,0.492503
49.000000,2.000000,14.000000,26.000000,63.000000,15.800000,0.935676,9.018324,,0.012505,0.014364,0.389084
44.000000,1.000000,2.000000,15.000000,22.000000,9.600000,1.091904,1.020096,,0.264652,0.190809,0.219738
32.000000,1.000000,12.000000,10.000000,33.000000,11.200000,0.794640,2.901360,,0.044329,0.081966,0.257959
38.000000,1.000000,5.000000,4.000000,20.000000,1.500000,0.091500,0.208500,,0.104874,0.134038,0.088403
52.000000,1.000000,33.000000,23.000000,139.000000,5.600000,2.288496,5.495504,,0.000142,0.000043,0.142625
35.000000,1.000000,10.000000,3.000000,24.000000,21.300000,1.083744,4.028256,,0.276934,0.523177,0.567762
33.000000,4.000000,4.000000,12.000000,22.000000,5.500000,0.566280,0.643720,,0.127143,0.157315,0.141023
35.000000,1.000000,11.000000,12.000000,77.000000,4.700000,1.100176,2.518824,,0.032630,0.018199,0.128743
34.000000,2.000000,9.000000,3.000000,40.000000,1.600000,0.373760,0.266240,,0.054024,0.076559,0.089470
39.000000,1.000000,19.000000,16.000000,53.000000,3.700000,0.190217,1.770783,,0.001899,0.001120,0.114687
31.000000,1.000000,8.000000,4.000000,27.000000,5.400000,0.673596,0.784404,,0.100270,0.038356,0.139436
37.000000,1.000000,5.000000,11.000000,27.000000,9.400000,0.418770,2.119230,,0.138465,0.143021,0.215258
44.000000,1.000000,19.000000,9.000000,40.000000,10.900000,0.344440,4.015560,,0.006880,0.003380,0.250473
30.000000,1.000000,1.000000,1.000000,27.000000,12.300000,1.275264,2.045736,,0.668519,0.698841,0.286626
37.000000,1.000000,18.000000,9.000000,58.000000,10.300000,2.867520,3.106480,,0.034330,0.024542,0.235942
35.000000,1.000000,11.000000,9.000000,40.000000,2.900000,0.571880,0.588120,,0.026411,0.017636,0.104422
43.000000,1.000000,4.000000,11.000000,26.000000,7.100000,0.751322,1.094678,,0.168267,0.098324,0.168508
26.000000,1.000000,0.000000,5.000000,17.000000,5.000000,0.141950,0.708050,,0.337462,0.247032,0.133238
35.000000,1.000000,13.000000,4.000000,42.000000,17.600000,0.768768,6.623232,,0.093145,0.079741,0.446640
24.000000,1.000000,4.000000,0.000000,19.000000,11.000000,1.185030,0.904970,,0.472152,0.431558,0.252952
24.000000,1.000000,4.000000,1.000000,23.000000,4.900000,0.242305,0.884695,,0.219025,0.086048,0.131725
26.000000,3.000000,3.000000,1.000000,40.000000,10.800000,1.896480,2.423520,,0.608224,0.559306,0.248010
34.000000,1.000000,10.000000,12.000000,48.000000,5.100000,0.264384,2.183616,,0.026848,0.050923,0.134765
44.000000,4.000000,18.000000,23.000000,78.000000,1.000000,0.564720,0.215280,,0.001339,0.001007,0.083241
46.000000,1.000000,9.000000,6.000000,72.000000,5.000000,0.828000,2.772000,,0.072686,0.079825,0.133238
40.000000,1.000000,17.000000,5.000000,55.000000,11.400000,2.125530,4.144470,,0.043219,0.020998,0.263030
37.000000,4.000000,2.000000,1.000000,29.000000,15.400000,2.782318,1.683682,,0.831467,0.912917,0.376645
35.000000,3.000000,5.000000,13.000000,30.000000,10.600000,1.526400,1.653600,,0.222700,0.186370,0.243134
46.000000,2.000000,18.000000,18.000000,55.000000,4.400000,0.418660,2.001340,,0.002492,0.002306,0.124379
40.000000,3.000000,5.000000,18.000000,28.000000,10.000000,1.262800,1.537200,,0.134676,0.186928,0.228898
48.000000,2.000000,21.000000,14.000000,86.000000,1.200000,0.145512,0.886488,,0.001076,0.000916,0.085272
53.000000,1.000000,33.000000,25.000000,324.000000,7.000000,7.053480,15.626520,,0.002090,0.000515,0.166672
45.000000,3.000000,9.000000,0.000000,84.000000,13.100000,1.276464,9.727536,,0.252232,0.493797,0.308630
32.000000,3.000000,6.000000,12.000000,22.000000,6.700000,0.384714,1.089286,,0.082430,0.061097,0.161260
43.000000,1.000000,15.000000,21.000000,62.000000,9.400000,0.693532,5.134468,,0.007325,0.005349,0.215258
29.000000,2.000000,3.000000,9.000000,32.000000,9.000000,1.071360,1.808640,,0.301159,0.353954,0.206498
47.000000,2.000000,7.000000,24.000000,49.000000,0.900000,0.253575,0.187425,,0.014566,0.011181,0.082243
21.000000,2.000000,1.000000,0.000000,17.000000,10.500000,0.555135,1.229865,,0.552611,0.555720,0.240720
30.000000,1.000000,0.000000,2.000000,20.000000,5.400000,0.622080,0.457920,,0.469919,0.506007,0.139436
25.000000,3.000000,3.000000,2.000000,54.000000,7.400000,1.162836,2.833164,,0.410505,0.469360,0.174114
27.000000,1.000000,6.000000,2.000000,52.000000,13.800000,1.901640,5.274360,,0.474664,0.401353,0.328627
36.000000,1.000000,4.000000,17.000000,25.000000,4.000000,0.144000,0.856000,,0.062558,0.054110,0.118758
35.000000,1.000000,12.000000,3.000000,30.000000,15.400000,1.898820,2.721180,,0.182626,0.080833,0.376645
33.000000,1.000000,11.000000,6.000000,35.000000,15.900000,0.506415,5.058585,,0.095048,0.061811,0.392217
21.000000,3.000000,0.000000,1.000000,41.000000,19.500000,2.366520,5.628480,,0.900688,0.877788,0.508953
44.000000,1.000000,18.000000,0.000000,61.000000,10.800000,2.806488,3.781512,,0.069368,0.035453,0.248010
37.000000,1.000000,19.000000,7.000000,38.000000,13.500000,2.590650,2.539350,,0.035808,0.019329,0.319975
27.000000,1.000000,5.000000,7.000000,26.000000,6.800000,0.548080,1.219920,,0.159962,0.055464,0.163048
37.000000,2.000000,11.000000,11.000000,47.000000,9.600000,1.597248,2.914752,,0.069735,0.051382,0.219738
48.000000,2.000000,9.000000,22.000000,44.000000,5.900000,2.133912,0.462088,,0.046604,0.053861,0.147521
30.000000,1.000000,4.000000,2.000000,21.000000,3.500000,0.228585,0.506415,,0.184818,0.190193,0.112041
22.000000,4.000000,0.000000,1.000000,25.000000,12.200000,1.491450,1.558550,,0.742526,0.621183,0.283943
39.000000,2.000000,18.000000,18.000000,47.000000,7.600000,1.564536,2.007464,,0.006350,0.005852,0.177931
26.000000,1.000000,5.000000,6.000000,18.000000,15.500000,0.574740,2.215260,,0.311295,0.195344,0.379740
29.000000,2.000000,9.000000,8.000000,30.000000,21.700000,3.645600,2.864400,,0.593847,0.474934,0.580633
47.000000,1.000000,29.000000,20.000000,169.000000,2.200000,0.349492,3.368508,,0.000117,0.000039,0.096115
33.000000,2.000000,5.000000,2.000000,37.000000,8.400000,1.028748,2.079252,,0.302454,0.367429,0.193858
23.000000,2.000000,2.000000,2.000000,48.000000,7.500000,0.511200,3.088800,,0.381346,0.430253,0.176014
25.000000,2.000000,5.000000,5.000000,35.000000,16.500000,1.969275,3.805725,,0.543516,0.439979,0.411193
34.000000,1.000000,4.000000,6.000000,23.000000,5.600000,0.616952,0.671048,,0.197637,0.182276,0.142625
56.000000,1.000000,19.000000,26.000000,66.000000,3.300000,0.847242,1.330758,,0.001186,0.000823,0.109449
32.000000,1.000000,7.000000,10.000000,23.000000,9.800000,0.861028,1.392972,,0.125283,0.089688,0.224285
27.000000,3.000000,0.000000,4.000000,50.000000,14.700000,1.043700,6.306300,,0.685574,0.668873,0.355272
41.000000,2.000000,6.000000,7.000000,36.000000,13.900000,1.486188,3.517812,,0.323686,0.437096,0.331538
30.000000,1.000000,8.000000,11.000000,27.000000,20.300000,3.743523,1.737477,,0.577201,0.442237,0.535219
38.000000,4.000000,13.000000,2.000000,126.000000,13.700000,7.612542,9.649458,,0.812127,0.726540,0.325730
31.000000,1.000000,6.000000,1.000000,45.000000,7.300000,0.584730,2.700270,,0.206115,0.206831,0.172229
37.000000,3.000000,16.000000,8.000000,75.000000,0.100000,0.022050,0.052950,,0.004961,0.004877,0.074637
30.000000,2.000000,2.000000,2.000000,26.000000,3.800000,0.248976,0.739024,,0.276742,0.389666,0.116030
44.000000,2.000000,8.000000,18.000000,43.000000,5.000000,0.554700,1.595300,,0.031216,0.026235,0.133238
25.000000,2.000000,5.000000,3.000000,42.000000,15.500000,3.365670,3.144330,,0.740556,0.659006,0.379740
33.000000,2.000000,10.000000,2.000000,54.000000,3.000000,0.119880,1.500120,,0.045388,0.034577,0.105659
25.000000,1.000000,3.000000,5.000000,31.000000,8.100000,0.881361,1.629639,,0.330680,0.245510,0.187762
45.000000,1.000000,14.000000,26.000000,46.000000,5.100000,1.262148,1.083852,,0.005903,0.001583,0.134765
23.000000,1.000000,6.000000,2.000000,15.000000,12.700000,1.375410,0.529590,,0.377528,0.234305,0.297511
43.000000,1.000000,24.000000,22.000000,254.000000,7.700000,7.001764,12.556236,,0.023912,0.006902,0.179865
38.000000,2.000000,12.000000,14.000000,40.000000,5.100000,0.897600,1.142400,,0.020328,0.023835,0.134765
24.000000,1.000000,1.000000,4.000000,16.000000,7.200000,0.877824,0.274176,,0.445187,0.212526,0.170361
29.000000,2.000000,2.000000,4.000000,16.000000,10.500000,0.433440,1.246560,,0.395061,0.443301,0.240720
40.000000,1.000000,23.000000,16.000000,81.000000,10.900000,0.997677,7.831323,,0.002157,0.001102,0.250473
47.000000,1.000000,3.000000,1.000000,21.000000,15.400000,0.067914,3.166086,,0.449699,0.475154,0.376645
24.000000,1.000000,1.000000,5.000000,16.000000,9.200000,0.185472,1.286528,,0.372486,0.255051,0.210845
35.000000,2.000000,0.000000,6.000000,35.000000,12.400000,2.382660,1.957340,,0.765168,0.829692,0.289325
38.000000,1.000000,1.000000,9.000000,42.000000,9.100000,0.890526,2.931474,,0.389033,0.442995,0.208663
48.000000,1.000000,10.000000,0.000000,70.000000,28.200000,10.679340,9.060660,,0.995465,0.997604,0.765107
35.000000,2.000000,12.000000,12.000000,64.000000,15.000000,1.449600,8.150400,,0.074291,0.092342,0.364367
27.000000,1.000000,11.000000,1.000000,21.000000,11.400000,0.914508,1.479492,,0.118090,0.217312,0.263030
47.000000,3.000000,16.000000,7.000000,266.000000,2.000000,2.191840,3.128160,,0.021692,0.008643,0.093852
31.000000,1.000000,3.000000,5.000000,16.000000,32.300000,3.064624,2.103376,,0.935953,0.920685,0.848195
30.000000,1.000000,12.000000,4.000000,40.000000,7.000000,1.248800,1.551200,,0.063340,0.047503,0.166672
29.000000,2.000000,10.000000,3.000000,61.000000,6.200000,0.798002,2.983998,,0.078981,0.089342,0.152556
26.000000,4.000000,1.000000,6.000000,64.000000,23.300000,7.754240,7.157760,,0.993164,0.989107,0.630873
38.000000,1.000000,21.000000,17.000000,65.000000,16.800000,2.533440,8.386560,,0.012967,0.006919,0.420786
45.000000,1.000000,7.000000,17.000000,29.000000,6.100000,0.739442,1.029558,,0.051745,0.040687,0.150863
29.000000,1.000000,3.000000,10.000000,23.000000,9.300000,1.103724,1.035276,,0.293591,0.250717,0.213043
52.000000,1.000000,17.000000,4.000000,73.000000,8.700000,1.054266,5.296734,,0.020468,0.012822,0.200104
24.000000,1.000000,1.000000,0.000000,20.000000,4.100000,0.324720,0.495280,,0.380905,0.326937,0.120142
33.000000,2.000000,8.000000,13.000000,27.000000,9.800000,1.645812,1.000188,,0.121321,0.081159,0.224285
38.000000,2.000000,0.000000,18.000000,21.000000,4.600000,0.612444,0.353556,,0.182944,0.216316,0.127274
26.000000,1.000000,0.000000,2.000000,15.000000,5.400000,0.385560,0.424440,,0.436349,0.277698,0.139436
26.000000,1.000000,2.000000,5.000000,22.000000,6.400000,0.236544,1.171456,,0.272486,0.243587,0.155991
35.000000,1.000000,16.000000,0.000000,37.000000,17.200000,4.212968,2.151032,,0.322911,0.269612,0.433668
43.000000,1.000000,9.000000,8.000000,66.000000,8.800000,2.340624,3.467376,,0.181459,0.094832,0.202219
45.000000,3.000000,8.000000,1.000000,140.000000,13.900000,4.183900,15.276100,,0.692360,0.870220,0.331538
24.000000,1.000000,5.000000,1.000000,46.000000,3.800000,0.529644,1.218356,,0.190556,0.148781,0.116030
44.000000,3.000000,7.000000,16.000000,78.000000,10.500000,3.153150,5.036850,,0.258145,0.248262,0.240720
29.000000,2.000000,0.000000,7.000000,23.000000,8.000000,1.242000,0.598000,,0.514499,0.549671,0.185763
22.000000,2.000000,0.000000,0.000000,14.000000,17.100000,0.241794,2.152206,,0.702000,0.718468,0.430438
38.000000,1.000000,16.000000,8.000000,37.000000,8.600000,0.082732,3.099268,,0.010813,0.006491,0.198005
46.000000,1.000000,6.000000,19.000000,30.000000,17.600000,1.415040,3.864960,,0.193721,0.433768,0.446640
46.000000,4.000000,7.000000,16.000000,73.000000,1.100000,0.555676,0.247324,,0.033128,0.021358,0.084251
32.000000,1.000000,13.000000,11.000000,25.000000,7.500000,0.596250,1.278750,,0.021147,0.009984,0.176014
39.000000,3.000000,16.000000,10.000000,126.000000,6.800000,1.405152,7.162848,,0.016631,0.017588,0.163048
40.000000,2.000000,15.000000,19.000000,138.000000,4.100000,1.222128,4.435872,,0.007307,0.005360,0.120142
47.000000,1.000000,16.000000,19.000000,110.000000,12.600000,5.821200,8.038800,,0.145716,0.109315,0.294767
28.000000,1.000000,10.000000,1.000000,42.000000,8.600000,1.047480,2.564520,,0.125758,0.044310,0.198005
36.000000,1.000000,19.000000,8.000000,45.000000,12.100000,0.920205,4.524795,,0.011486,0.008473,0.281274
41.000000,2.000000,13.000000,1.000000,93.000000,14.700000,9.542358,4.128642,,0.939300,0.939484,0.355272
31.000000,2.000000,12.000000,8.000000,44.000000,9.600000,1.867008,2.356992,,0.080538,0.068668,0.219738
39.000000,1.000000,20.000000,8.000000,116.000000,4.100000,2.240076,2.515924,,0.009494,0.004498,0.120142
37.000000,1.000000,4.000000,10.000000,24.000000,14.200000,0.419184,2.988816,,0.253442,0.505627,0.340346
35.000000,2.000000,11.000000,1.000000,62.000000,32.400000,9.702504,10.385496,,0.992449,0.996295,0.849882
35.000000,4.000000,10.000000,12.000000,45.000000,8.500000,1.040400,2.784600,,0.054910,0.029254,0.195923
51.000000,4.000000,15.000000,30.000000,26.000000,13.600000,2.011984,1.524016,,0.010835,0.012439,0.322846
36.000000,1.000000,5.000000,2.000000,27.000000,7.000000,0.723870,1.166130,,0.243441,0.220708,0.166672
23.000000,1.000000,3.000000,4.000000,13.000000,3.100000,0.045539,0.357461,,0.175937,0.311121,0.106910
34.000000,1.000000,12.000000,15.000000,32.000000,2.700000,0.239328,0.624672,,0.010504,0.005716,0.101986
32.000000,2.000000,12.000000,11.000000,116.000000,5.700000,4.026708,2.585292,,0.143622,0.114885,0.144242
48.000000,1.000000,13.000000,11.000000,38.000000,10.800000,0.722304,3.381696,,0.030137,0.032570,0.248010
35.000000,2.000000,1.000000,11.000000,24.000000,7.800000,0.417456,1.454544,,0.269003,0.378546,0.181814
37.000000,1.000000,20.000000,13.000000,41.000000,12.900000,0.899130,4.389870,,0.006398,0.011173,0.303042
